edge_id,mean_speed,max_occupancy,mean_occupancy,waiting_time,sample_count,congested
-427091882#6,2.686,0.318,0.082,378.0,4666,1
1451260004,3.246,0.116,0.003,0.0,114086,1
390899291#3,2.043,0.248,0.125,358.0,1375,1
84718335#0,2.002,0.311,0.022,30.0,30977,1
-306603625,2.752,0.178,0.018,0.0,29512,1
379983230,3.432,0.043,0.002,1.0,134613,1
-107537258#11,1.761,0.468,0.017,246.0,128885,1
1451259116,3.360,0.244,0.025,0.0,14652,1
390899291#1,2.169,0.151,0.032,29967.0,5749,1
390899291#0,2.877,0.172,0.029,153.0,4631,1
107537275#10,2.432,0.374,0.069,463.0,8743,1
-107537258#17,1.785,0.609,0.030,5344.0,68514,1
106609644#2,1.765,0.377,0.056,0.0,14454,1
106609644#0,1.765,0.342,0.046,0.0,17313,1
306604006#6,2.821,0.274,0.056,0.0,9221,1
106618518#4,2.455,0.511,0.131,257.0,4178,1
306604006#5,2.611,0.283,0.049,290.0,11237,1
390332915#4,1.104,0.441,0.035,502109.0,33422,1
306604006#1,2.494,0.360,0.085,286.0,6792,1
390332915#2,1.785,0.458,0.033,112077.0,23049,1
466718063#0,1.747,0.175,0.009,0.0,69064,1
390332915#0,2.929,0.176,0.014,7132.0,31654,1
407006399#1-AddedOffRampEdge,3.353,0.073,0.009,623.0,21893,1
407006399#1,3.397,0.107,0.021,5.0,13744,1
72341545,2.791,0.157,0.014,906.0,33987,1
1451259113,3.252,0.284,0.033,70.0,24909,1
1191290959#1,2.922,0.301,0.047,0.0,16839,1
1451259114,1.736,0.286,0.032,1013.0,46189,1
390899291#2,2.764,0.053,0.007,0.0,17988,1
1207275288#3,1.578,0.234,0.030,35665.0,10646,1
385167823,2.961,0.146,0.038,1243.0,2407,1
-567209073,0.677,0.734,0.239,183796.0,13707,1
-711187486#1,2.453,0.446,0.056,1180.0,21640,1
320533165,2.929,0.180,0.031,151.0,4369,1
-69421363#0,1.976,0.494,0.056,156.0,23071,1
306603445#0,1.782,0.503,0.099,0.0,8009,1
1451259113-AddedOnRampEdge,3.407,0.165,0.018,108.0,29779,1
106609644#1,1.776,0.524,0.111,0.0,7116,1
-466718063#5,2.725,0.093,0.009,0.0,30736,1
-106618518#0,2.700,0.230,0.058,21977.0,7984,1
-106618518#1,3.494,0.099,0.105,245.0,3607,1
-106618518#4,3.332,0.128,0.133,245.0,2946,1
-106618518#5,3.684,0.117,0.060,763.0,6040,1
1207275288#1,1.997,0.230,0.029,0.0,8405,1
106927911#1,1.805,0.042,0.021,0.0,1801,1
-83737118#1,1.853,0.168,0.028,0.0,13846,1
-369010052#3,1.738,0.186,0.046,0.0,5093,1
-83737118#2,1.764,0.435,0.056,17.0,11243,1
-83737118#5,1.774,0.453,0.062,15.0,10321,1
-393483684#0,2.845,0.133,0.027,32.0,2042,1
1207275288#0,1.999,0.211,0.029,1.0,8381,1
-83737118#7,1.776,0.450,0.075,15.0,9125,1
-83737118#8,1.769,0.418,0.059,0.0,11412,1
393255036#3,3.256,0.123,0.014,0.0,18357,1
751775964#0,3.389,0.465,0.214,11.0,2333,1
407752596,2.286,0.153,0.024,3080.0,11740,1
-222899712#0,1.778,0.462,0.058,30.0,12066,1
390899291#4,2.994,0.147,0.014,222.0,13946,1
390333421#4,0.642,0.647,0.130,220423.0,13567,1
390333421#0,2.850,0.156,0.010,47591.0,45423,1
-751775961#0,1.809,0.452,0.064,0.0,10563,1
379983229#1,2.801,0.241,0.030,580.0,15486,1
-751775966,0.666,0.726,0.252,135610.0,9630,1
-84718335#0,0.656,0.666,0.022,1537190.0,163423,1
567209073,0.294,0.842,0.230,632508.0,17594,1
369011877#6,2.948,0.282,0.022,1156.0,35733,1
369011877#4,2.780,0.361,0.052,1676.0,16526,1
369011877#3,2.591,0.549,0.053,883.0,21236,1
1207275288#2,2.018,0.236,0.029,0.0,8220,1
106923052#6,2.604,0.489,0.049,24.0,12192,1
106923052#4,2.582,0.508,0.060,0.0,10002,1
106923052#3,2.612,0.521,0.059,0.0,10167,1
-83737118#9,1.769,0.403,0.057,0.0,11845,1
555847192,3.777,0.027,0.002,0.0,76262,1
83737079,3.269,0.479,0.044,602.0,11349,1
390333421#5,0.694,0.582,0.032,1158500.0,61061,1
427091880#12,2.725,0.335,0.048,3.0,12944,1
379983229#0,2.870,0.314,0.031,595.0,14487,1
427091880#8,2.744,0.348,0.087,0.0,6958,1
432390015#1,3.560,0.108,0.006,127972.0,53233,1
427091879#0,3.013,0.163,0.010,24.0,53245,1
407006397,3.966,0.109,0.012,456.0,23962,1
1016666251#0,4.041,0.144,0.024,0.0,7979,1
-427091879#0,4.195,0.114,0.010,3.0,65396,1
107537258#12,0.244,0.670,0.030,2775517.0,131192,1
393255040#1,1.953,0.248,0.031,0.0,7987,1
391062138,3.186,0.364,0.123,789.0,2759,1
-502799838#0,3.242,0.111,0.057,53.0,1480,1
106923052#5,2.590,0.496,0.050,0.0,12146,1
1451259116-AddedOffRampEdge,3.356,0.177,0.018,0.0,13953,1
555847194#1,3.380,0.083,0.008,7.0,23789,1
106923052#2,2.628,0.505,0.064,0.0,9185,1
106923052#1,2.637,0.473,0.061,0.0,9472,1
-106621765#3,2.690,0.421,0.140,0.0,4008,1
-106621766#2,2.542,0.129,0.043,0.0,1964,1
427091880#11,2.734,0.429,0.088,0.0,7007,1
427091880#10,2.737,0.410,0.205,0.0,2944,1
427091880#7,2.735,0.419,0.101,0.0,5993,1
555847190,3.477,0.108,0.022,3148.0,11181,1
-106734530#13,2.729,0.197,0.028,0.0,13261,1
427091882#6,4.190,0.159,0.083,1.0,2396,1
427091882#5,3.466,0.161,0.049,329.0,5095,1
427091882#4,2.253,0.316,0.055,22170.0,12502,1
393255040#4,1.904,0.226,0.028,56.0,8683,1
106932687,1.748,0.041,0.003,0.0,79997,1
435383360#0,2.571,0.344,0.052,283.0,10247,1
-106931287#0,2.764,0.117,0.060,0.0,495,1
83715113#1,2.739,0.202,0.023,283.0,21469,1
-711187487#1,1.886,0.260,0.036,51.0,19466,1
-306620331#7,1.869,0.360,0.072,0.0,3773,1
-306611386,2.993,0.160,0.033,0.0,5220,1
-258418472#1,4.195,0.034,0.006,0.0,29372,1
464436714#0,2.750,0.036,0.036,0.0,1665,1
712906086#1,4.201,0.018,0.006,0.0,6654,1
-712906086#1,4.197,0.017,0.006,0.0,11143,1
390876404#1,0.418,0.670,0.060,565710.0,38005,1
435383360#5,2.241,0.652,0.122,5055.0,3769,1
-306620331#5,1.964,0.523,0.215,0.0,1238,1
-106928653#4,2.622,0.380,0.077,204.0,5161,1
-464564740#0,1.806,0.326,0.046,0.0,24016,1
-464564740#1,2.022,0.299,0.050,0.0,20129,1
-198118090,4.075,0.068,0.014,227.0,20664,1
-323470714#12,1.983,0.340,0.112,0.0,4094,1
258418475,4.192,0.022,0.005,0.0,19023,1
435383360#3,2.747,0.250,0.051,192.0,7039,1
-306620331#9,1.939,0.326,0.108,0.0,2403,1
435353056#1,1.751,0.106,0.035,0.0,7272,1
435353056#0,2.748,0.105,0.053,0.0,3128,1
587606000,1.753,0.058,0.012,0.0,21917,1
-323470714#3,1.842,0.258,0.050,0.0,6647,1
-83715145#0,1.584,0.100,0.050,4443.0,5683,1
713385206#1,1.751,0.209,0.105,0.0,2407,1
713385206#0,1.756,0.073,0.018,0.0,13608,1
727171050,1.750,0.031,0.000,0.0,357529,1
-427091882#4,3.390,0.285,0.049,16.0,8476,1
1206163260#0,0.264,0.422,0.021,3247881.0,95154,1
-427091882#5,2.726,0.332,0.048,3543.0,7399,1
83737106#5,2.502,0.143,0.014,0.0,12229,1
106618518#3,2.595,0.399,0.101,260.0,5073,1
385167822#4,0.332,0.395,0.028,1842085.0,61475,1
-306604006#5,3.053,0.293,0.049,237.0,7897,1
83737106#0,2.552,0.160,0.027,0.0,6492,1
385167822#1,0.361,0.412,0.030,1543931.0,58198,1
-106609644#0,2.747,0.279,0.046,0.0,6262,1
83737118#9,2.128,0.499,0.057,0.0,7387,1
83737118#8,2.162,0.475,0.059,0.0,7030,1
69421363#0,1.919,0.284,0.057,358.0,4368,1
83737118#6,2.364,0.291,0.053,0.0,5869,1
390876404#3,0.324,0.678,0.060,753435.0,44701,1
390876404#2,0.373,0.679,0.059,653278.0,42556,1
83737118#2,2.502,0.283,0.056,0.0,4866,1
55465884#1,2.939,0.386,0.101,0.0,1705,1
83737053#0,0.552,0.702,0.078,346856.0,26318,1
711187486#6,0.595,0.682,0.056,658032.0,28415,1
435352396,4.188,0.099,0.020,1.0,4356,1
-369011877#6,2.924,0.318,0.022,54.0,48252,1
83715119#2,3.269,0.318,0.078,6.0,11949,1
83715119#1,2.393,0.449,0.050,654.0,26683,1
711187486#1,1.401,0.683,0.056,237300.0,15862,1
711187486#0,2.500,0.526,0.048,76577.0,10092,1
83715123,2.957,0.303,0.104,498.0,3906,1
-106932687,1.882,0.091,0.003,16.0,91141,1
-427091880#6,1.809,0.502,0.095,0.0,7172,1
385167822#5,0.317,0.389,0.030,1819304.0,60251,1
-427091880#11,1.798,0.536,0.088,0.0,7944,1
385167822#0,0.387,0.406,0.029,1271609.0,57058,1
-717018706#0,2.575,0.308,0.044,3167.0,7040,1
385156778#0,0.238,0.675,0.061,1275266.0,49566,1
306603625,2.886,0.185,0.018,337.0,25137,1
83718172#5,0.528,0.664,0.058,448836.0,19035,1
306620331#7,2.746,0.069,0.071,0.0,157,1
83718172#4,2.320,0.316,0.065,13077.0,4220,1
83737118#3,2.490,0.513,0.129,0.0,2158,1
83718172#2,2.750,0.195,0.064,0.0,3377,1
83737056,3.261,0.387,0.080,135.0,4285,1
83718172#0,2.684,0.239,0.059,0.0,4450,1
-107537246#3,2.651,0.105,0.113,0.0,783,1
-107552045#4,2.792,0.436,0.231,154.0,1317,1
83737118#0,2.551,0.167,0.028,0.0,9878,1
107553471#0,2.745,0.248,0.123,0.0,1864,1
107537258#5,0.294,0.662,0.017,3046361.0,225220,1
393255040#2,1.951,0.228,0.028,0.0,8603,1
222899712#0,1.962,0.289,0.058,0.0,4203,1
-427091880#0,1.804,0.377,0.110,172.0,2366,1
106734530#13,1.880,0.253,0.028,0.0,14477,1
-427091880#1,1.803,0.384,0.095,0.0,2745,1
393483684#1,2.563,0.181,0.061,130.0,4212,1
-427091880#7,1.819,0.510,0.099,0.0,6737,1
-107545498,1.750,0.222,0.037,0.0,11070,1
-427091880#12,1.792,0.423,0.048,0.0,14944,1
106621530#0,2.754,0.161,0.041,0.0,4889,1
-427091880#14,1.849,0.513,0.107,15.0,6607,1
-106621768#8,1.753,0.249,0.049,0.0,5972,1
106621766#2,1.750,0.214,0.043,0.0,8461,1
369011877#5,2.740,0.338,0.057,850.0,15272,1
106621766#1,1.758,0.330,0.160,0.0,2179,1
106621766#0,1.746,0.274,0.090,0.0,3903,1
-365435693#0,1.756,0.205,0.041,0.0,8670,1
369011877#2,2.346,0.337,0.058,4666.0,9459,1
369011877#1,2.528,0.328,0.066,298.0,7812,1
-365435693#3,1.771,0.237,0.079,0.0,4458,1
1446819416#1,2.570,0.210,0.053,452.0,9169,1
1446819416#0,2.246,0.349,0.173,246.0,3256,1
365435693#6,1.800,0.296,0.050,0.0,16005,1
-365435693#7,1.776,0.197,0.050,0.0,6930,1
435383363,1.889,0.045,0.012,0.0,1033,1
-106816334#0,2.290,0.025,0.025,0.0,248,1
74112601,3.053,0.116,0.058,29.0,279,1
-106923052#3,1.878,0.291,0.058,0.0,3548,1
-1205969618#0,2.629,0.075,0.092,1.0,41,1
258418601#2,2.541,0.116,0.130,5.0,71,1
-427091880#13,1.818,0.368,0.044,0.0,16249,1
-323470714#1,1.751,0.098,0.048,0.0,2370,1
711187487#0,2.107,0.146,0.036,43.0,3242,1
-717018706#2,2.718,0.157,0.055,30.0,546,1
106734569#1,3.795,0.058,0.040,2.0,36,1
385158753#0,2.681,0.057,0.057,0.0,3,0
-365435693#5,1.762,0.328,0.110,0.0,3224,1
323470714#3,1.948,0.100,0.049,0.0,1147,1
106734537#1,2.624,0.387,0.099,158.0,3137,1
435383360#4,2.663,0.259,0.053,327.0,6985,1
106928653#3,2.792,0.085,0.084,19.0,406,1
717018706#5,2.529,0.316,0.108,20.0,368,1
306603044#0,2.820,0.320,0.046,2002.0,10818,1
-106734574#5,2.664,0.038,0.039,5.0,261,1
-717018706#8,2.807,0.119,0.060,15.0,429,1
-106735202#3,1.723,0.193,0.193,0.0,3,0
-1361036529,3.160,0.023,0.012,0.0,678,1
717017078#3,2.241,0.140,0.069,0.0,421,1
385156771,2.587,0.346,0.050,2441.0,5521,1
-717018699#0,3.239,0.475,0.121,1.0,3735,1
390855006#2,2.015,0.068,0.068,0.0,223,1
-106734574#6,2.500,0.104,0.106,7.0,126,1
107537246#4,2.382,0.212,0.111,15.0,94,1
-83715120#4,2.940,0.056,0.060,2.0,84,1
306611255,2.217,0.047,0.047,218.0,151,1
464564740#0,2.056,0.094,0.048,0.0,272,1
-323470714#8,2.074,0.531,0.203,0.0,960,1
-83715139#1,2.340,0.102,0.053,0.0,173,1
106734050#0,4.210,0.001,0.001,0.0,256,1
-435387528#4,2.097,0.255,0.122,0.0,200,1
-464440159#2,3.224,0.055,0.055,3.0,81,1
-711187489#3,3.042,0.100,0.053,6.0,207,1
-107552045#6,2.976,0.320,0.171,160.0,1644,1
83737118#5,2.431,0.313,0.062,0.0,4772,1
717018706#3,2.878,0.162,0.064,16.0,461,1
390855006#1,1.918,0.065,0.069,0.0,220,1
-107537265#3,2.205,0.100,0.052,0.0,555,1
42980561#1,1.867,0.084,0.120,0.0,14,1
385156779#1,0.028,0.057,0.057,1.0,1,0
-106923045,2.598,0.064,0.087,1.0,22,1
-1386953920,1.803,0.288,0.072,0.0,317,1
107552045#7,2.516,0.356,0.118,1688.0,1756,1
-106923052#1,1.852,0.306,0.061,0.0,3357,1
435383361#0,0.934,0.675,0.074,198420.0,13060,1
-107545510#0,2.704,0.325,0.054,269.0,4166,1
751775952#0,2.798,0.060,0.073,1.0,41,1
-711187486#6,2.406,0.398,0.057,1184.0,21699,1
-306603560#2,1.977,0.161,0.081,0.0,320,1
83715148#1,1.970,0.051,0.052,0.0,197,1
389987764#2,3.136,0.021,0.021,0.0,215,1
323470714#1,1.839,0.098,0.051,0.0,841,1
390861646#0,1.871,0.479,0.058,9.0,23410,1
-427091882#1,3.116,0.041,0.015,13.0,685,1
17735530#3,2.699,0.338,0.048,0.0,10317,1
-106734537#0,2.800,0.496,0.128,2065.0,3008,1
107545510#1,3.124,0.072,0.041,4.0,119,1
-369013318#0,1.876,0.160,0.082,0.0,709,1
106931287#2,2.104,0.048,0.046,0.0,98,1
-106734530#12,2.116,0.103,0.125,0.0,41,1
-107545503#0,3.080,0.032,0.033,4.0,194,1
-1205642268,1.995,0.151,0.051,0.0,573,1
323470714#4,1.932,0.133,0.067,0.0,937,1
107537270#0,2.237,0.087,0.087,0.0,72,1
-369011875#3,2.948,0.239,0.060,73.0,2059,1
107552045#6,3.285,0.320,0.168,0.0,301,1
427091880#14,2.647,0.491,0.108,0.0,5979,1
-369011877#0,2.999,0.105,0.053,10.0,288,1
-106734530#5,2.103,0.114,0.107,0.0,53,1
-1446819413#0,2.449,0.130,0.066,0.0,125,1
717018706#1,2.937,0.155,0.053,15.0,486,1
-84718335#1,2.204,0.020,0.020,0.0,625,1
385156776,2.886,0.072,0.074,5.0,131,1
107545510#0,3.391,0.325,0.054,1528.0,8576,1
-369012894,1.761,0.088,0.029,0.0,4083,1
1205352352,1.312,0.149,0.082,3470.0,328,1
-636433639#1,2.912,0.065,0.068,3.0,57,1
385158750#0,3.783,0.063,0.067,4.0,73,1
83718172#7,0.313,0.674,0.069,645647.0,24252,1
83718186,3.193,0.337,0.082,49.0,7174,1
-83619622#2,2.498,0.028,0.031,0.0,89,1
-306611196#2,2.958,0.124,0.073,7.0,167,1
-83715145#2,1.751,0.100,0.050,0.0,5054,1
-435427814,2.757,0.193,0.054,0.0,4803,1
-306611196#0,2.869,0.266,0.103,0.0,131,1
-83737082#1,3.647,0.287,0.058,293.0,6551,1
427091880#1,2.718,0.288,0.095,0.0,2558,1
456185065#1,2.902,0.055,0.028,8.0,442,1
-393483684#1,2.252,0.121,0.062,581.0,414,1
-1191290960#0,2.743,0.406,0.213,19.0,169,1
717018706#4,2.648,0.292,0.103,18.0,344,1
385158740#3,2.821,0.116,0.061,8.0,234,1
385158744#0,2.410,0.060,0.080,1.0,15,1
-435383360#4,3.248,0.052,0.054,57.0,77,1
106927887#1,2.631,0.048,0.053,2.0,73,1
502799838#0,2.784,0.055,0.056,20.0,649,1
106928653#0,2.786,0.128,0.063,51.0,1437,1
-106928653#3,2.617,0.342,0.086,507.0,4582,1
83737073#5,2.236,0.128,0.130,3.0,40,1
106734531#4,2.955,0.102,0.086,4.0,83,1
314619549#13,1.932,0.045,0.051,0.0,80,1
435387528#5,2.077,0.192,0.066,0.0,251,1
361115014,2.326,0.148,0.037,0.0,2942,1
-107553471#9,1.757,0.120,0.148,0.0,39,1
106734534#4,2.444,0.059,0.066,92.0,69,1
-106618195#6,3.192,0.074,0.024,6.0,382,1
-464440158,2.535,0.118,0.059,55.0,1456,1
-106864179#4,2.169,0.097,0.138,1.0,14,1
-369010053#1,2.834,0.161,0.089,5.0,90,1
83737060#1,2.787,0.068,0.073,8.0,140,1
106734571#0,2.475,0.060,0.071,0.0,42,1
306603678,2.189,0.020,0.022,1.0,9,1
-107537252#3,0.026,0.043,0.043,1.0,1,0
-456185065#1,3.534,0.055,0.028,4.0,190,1
502799838#1,3.019,0.078,0.080,1.0,429,1
-306603445#2,2.746,0.067,0.067,0.0,7,1
106734531#1,2.885,0.019,0.020,2.0,116,1
712927445#2,2.011,0.046,0.047,0.0,452,1
106734531#5,1.768,0.306,0.103,347.0,153,1
-106931277#0,3.617,0.063,0.072,3.0,44,1
-107537269#0,1.926,0.118,0.118,1.0,4,0
42980561#4,1.827,0.057,0.060,0.0,58,1
-106735206#3,3.576,0.052,0.061,1.0,17,1
1205969620,2.960,0.111,0.022,69.0,5302,1
258418175#3,2.800,0.094,0.134,0.0,14,1
106928653#4,3.197,0.076,0.076,0.0,387,1
106734696#1,0.065,0.039,0.039,1.0,1,0
306603956,2.729,0.080,0.082,0.0,23,1
-83715128#0,1.746,0.050,0.050,0.0,6,1
-502799827#3,1.929,0.636,0.489,0.0,87,1
106733613#2,3.980,0.064,0.072,1.0,45,1
107538676#1,2.645,0.064,0.085,0.0,15,1
-106931284#0,2.793,0.064,0.077,0.0,25,1
106934733,3.937,0.025,0.029,1.0,35,1
-316423887,3.102,0.037,0.035,2.0,85,1
42980561#9,2.033,0.066,0.072,0.0,91,1
-106923049#2,4.163,0.034,0.042,0.0,16,1
-107537245,1.788,0.081,0.116,0.0,14,1
198117868,4.010,0.024,0.026,1.0,37,1
1201189325#1,2.895,0.156,0.156,1.0,7,1
107537264,1.714,0.090,0.134,0.0,20,1
83737071#0,1.700,0.076,0.088,0.0,29,1
1160114827#0,3.021,0.051,0.051,7.0,66,1
-365435694#3,2.980,0.308,0.273,0.0,131,1
-711187486#4,3.253,0.413,0.195,0.0,4518,1
751775966,0.731,0.691,0.262,50609.0,4793,1
-106939534#1,3.386,0.434,0.088,273.0,4730,1
17735530#2,2.704,0.327,0.055,6.0,9036,1
-83737082#0,3.674,0.342,0.059,311.0,6449,1
393255036#8,3.231,0.137,0.017,10.0,14508,1
-83737071#1,2.726,0.267,0.065,0.0,7309,1
-83737071#3,2.751,0.281,0.061,0.0,7928,1
-306600357,4.193,0.202,0.052,0.0,6225,1
-361109138,3.853,0.180,0.030,269.0,11651,1
-361109139#1,2.740,0.259,0.043,0.0,11261,1
390332910,4.194,0.061,0.003,7.0,113127,1
-306611195#0,3.470,0.107,0.109,16.0,225,1
83718179#0,3.388,0.887,0.930,1.0,439,1
83718179#4,3.143,0.705,0.474,203.0,3540,1
-83715123,1.207,0.724,0.103,7956.0,31831,1
107553471#2,2.755,0.392,0.191,0.0,1200,1
-369010053#0,3.483,0.237,0.081,396.0,3460,1
-323470714#4,1.878,0.332,0.066,0.0,4859,1
-107537240#1,1.800,0.548,0.114,869.0,323,1
219965681,2.121,0.046,0.023,0.0,203,1
-83737071#2,2.740,0.254,0.063,0.0,7645,1
-106618518#2,3.440,0.104,0.105,244.0,3493,1
1205943241,3.263,0.589,0.329,0.0,1207,1
555847194#0,3.808,0.110,0.056,0.0,1101,1
751775962#0,3.247,0.794,0.344,118.0,1317,1
478878743#0,1.760,0.294,0.073,0.0,4766,1
83718179#2,1.893,1.928,2.095,62.0,453,1
-369011877#4,2.688,0.206,0.052,139.0,3380,1
-107545510#1,3.703,0.072,0.036,80.0,1663,1
369011875#3,2.814,0.120,0.061,58.0,2688,1
107537275#9,1.904,0.174,0.176,105.0,79,1
-84718335#2,2.205,0.083,0.076,0.0,191,1
-365435376#6,2.063,0.223,0.223,0.0,55,1
502799827#2,2.329,0.299,0.148,0.0,749,1
-83715145#1,1.749,0.101,0.051,0.0,5049,1
-717018706#3,2.722,0.184,0.063,15.0,454,1
-323470714#5,1.918,0.315,0.073,0.0,4296,1
-107537240#0,2.258,0.328,0.046,5814.0,14666,1
427091880#6,2.741,0.390,0.098,0.0,6180,1
435383360#2,2.722,0.246,0.050,229.0,8145,1
787792398,0.251,20.342,18.492,6.0,11,1
323470714#5,1.930,0.148,0.075,0.0,845,1
427091882#2,2.843,0.142,0.064,6.0,78,1
-106618195#11,2.501,0.098,0.094,1.0,21,1
-107537251#0,1.743,0.076,0.080,0.0,76,1
106734696#3,3.006,0.134,0.125,3.0,39,1
1207275288#5,1.793,0.242,0.031,6174.0,9219,1
751775962#1,3.710,0.706,0.848,0.0,301,1
-306620331#4,1.909,0.526,0.170,0.0,1582,1
-427091880#4,1.857,0.571,0.191,15.0,3329,1
1010345641,2.211,0.125,0.143,0.0,105,1
-106621766#1,2.528,0.334,0.163,0.0,529,1
107537246#0,3.326,0.117,0.088,4.0,53,1
-107537252#2,2.896,0.052,0.056,3.0,100,1
106734696#2,3.491,0.120,0.100,2.0,24,1
-502799827#2,1.934,0.150,0.146,0.0,378,1
-365435694#2,2.450,0.306,0.141,25.0,341,1
306604006#3,2.514,0.335,0.084,286.0,6831,1
83718177,2.754,0.264,0.067,0.0,2000,1
83718178,3.071,0.210,0.213,0.0,369,1
385158753#1,2.794,0.061,0.063,0.0,29,1
1206163259#0,2.003,0.194,0.022,5.0,11528,1
390855006#3,2.086,0.060,0.059,0.0,276,1
83715120#4,3.020,0.120,0.058,34.0,1038,1
-1446819416#0,2.610,0.349,0.192,10.0,113,1
463462865#0,2.431,0.072,0.071,0.0,142,1
106618518#5,3.223,0.323,0.056,12.0,7172,1
-106618518#3,3.481,0.100,0.099,244.0,3597,1
435383360#6,1.598,0.658,0.078,105200.0,7597,1
83737118#10,2.142,0.554,0.141,10.0,3065,1
106621765#0,2.759,0.111,0.056,0.0,621,1
427091880#2,2.674,0.254,0.084,0.0,2919,1
1205943242,2.228,0.336,0.124,0.0,1440,1
390332915#5,0.550,0.476,0.034,1473037.0,46625,1
555847194#1-AddedOnRampEdge,3.395,0.079,0.009,50.0,13872,1
1205943240,3.868,0.833,1.011,98.0,714,1
-306604006#4,2.869,0.335,0.086,238.0,4951,1
83737118#7,2.229,0.450,0.075,6.0,5450,1
-258418598#0,2.095,0.052,0.053,0.0,184,1
-711187486#0,2.288,0.456,0.047,3178.0,27535,1
717018706#7,2.609,0.179,0.059,173.0,719,1
-69421363#1,2.690,0.395,0.057,0.0,8862,1
320534853#2,2.220,0.195,0.049,0.0,2671,1
83718172#1,2.668,0.260,0.064,0.0,4084,1
-427091880#10,1.858,0.599,0.203,0.0,3292,1
-306603560#1,1.967,0.277,0.068,0.0,547,1
-751775961#1,1.803,0.348,0.043,0.0,15712,1
314619549#10,1.970,0.289,0.324,0.0,35,1
83737073#6,2.620,0.115,0.109,4.0,70,1
-711187486#3,2.251,0.477,0.096,643.0,13891,1
502445610,1.971,0.593,0.316,13.0,1039,1
-365435693#1,1.773,0.309,0.150,0.0,2314,1
717018699#1,2.685,0.108,0.108,72.0,123,1
83737122#0,2.192,0.058,0.064,0.0,77,1
-107552045#5,3.306,0.323,0.109,154.0,2266,1
-385167820,2.112,0.471,0.040,27169.0,30881,1
-106705207#2,3.078,0.025,0.016,3.0,309,1
-391062138,1.692,0.754,0.122,13994.0,11337,1
-306611196#1,2.834,0.185,0.059,7.0,204,1
-306603445#1,2.678,0.106,0.063,0.0,18,1
314619549#9,2.229,0.117,0.108,0.0,57,1
42980561#5,1.996,0.058,0.062,0.0,125,1
464436714#1,2.737,0.077,0.079,0.0,803,1
106734538,2.862,0.042,0.041,7.0,331,1
107545510#2,2.939,0.170,0.166,4.0,41,1
-106621768#7,1.778,0.366,0.149,0.0,1899,1
427091880#13,2.635,0.471,0.044,30.0,14864,1
83715132#7,2.383,0.119,0.069,1.0,18,1
-306603650#3,2.300,0.061,0.030,0.0,425,1
83718179#3,2.175,0.639,0.563,0.0,1085,1
323470714#2,1.970,0.098,0.049,0.0,1132,1
-369011875#2,2.584,0.453,0.114,635.0,1256,1
385158750#1,3.419,0.070,0.072,22.0,86,1
106733613#3,2.784,0.066,0.065,93.0,82,1
-106734530#14,2.757,0.379,0.273,0.0,1235,1
83718188,1.092,0.709,0.180,17440.0,19115,1
712927445#4,2.149,0.167,0.083,0.0,362,1
427091880#4,2.699,0.609,0.203,20.0,3026,1
83737060#2,2.881,0.063,0.065,14.0,141,1
-83737071#0,2.731,0.378,0.074,0.0,6425,1
106734569#2,3.996,0.037,0.032,1.0,35,1
-106734574#4,2.840,0.045,0.048,4.0,158,1
-106929064#0,2.011,0.136,0.045,0.0,490,1
-306603560#4,1.984,0.110,0.111,0.0,137,1
555847189,3.399,0.129,0.021,0.0,12866,1
464564740#1,2.169,0.098,0.049,0.0,282,1
-83715139#0,2.336,0.101,0.056,0.0,134,1
407752598#0,2.556,0.517,0.171,0.0,1013,1
385158740#0,2.899,0.062,0.063,5.0,141,1
427091880#9,2.740,0.552,0.297,0.0,2011,1
-369011879#4,2.778,0.180,0.181,0.0,697,1
-435387534#0,4.121,0.141,0.141,0.0,9,1
-106734530#11,1.944,0.116,0.109,0.0,177,1
-306611125#2,2.668,0.057,0.029,82.0,2840,1
106734571#1,2.043,0.142,0.148,0.0,48,1
107553471#4,2.732,0.375,0.394,0.0,606,1
106621530#1,2.489,0.225,0.075,254.0,2960,1
-55465884#1,2.774,0.465,0.098,4.0,9722,1
-106927908#0,2.775,0.129,0.184,0.0,14,1
83715135#1,2.688,0.051,0.055,0.0,37,1
258418175#4,4.178,0.039,0.038,0.0,61,1
393255036#2,3.080,1.608,1.334,3.0,207,1
502799827#3,2.403,0.636,0.766,0.0,162,1
-1206970931#0,2.761,0.062,0.062,0.0,466,1
42980561#2,2.158,0.062,0.066,0.0,74,1
-106864179#3,2.498,0.084,0.105,1.0,24,1
106928653#5,2.582,0.102,0.066,442.0,546,1
390899290#1,2.105,0.058,0.058,0.0,163,1
106622540#1,3.079,0.096,0.113,6.0,17,1
-107537275#10,4.040,0.207,0.068,45.0,3162,1
-107537246#2,2.664,0.093,0.092,0.0,897,1
369010053#0,3.976,0.164,0.079,45.0,2647,1
-435352396,2.916,0.138,0.020,0.0,12382,1
-106734530#4,1.937,0.083,0.087,0.0,124,1
107537257#0,2.493,0.232,0.126,3.0,53,1
427091882#3,3.615,0.211,0.447,0.0,18,1
478878743#1,1.751,0.236,0.059,6.0,5970,1
-107553471#8,1.953,0.156,0.139,0.0,66,1
-365435376#5,2.038,0.208,0.218,0.0,58,1
464609492#0,2.691,0.133,0.190,0.0,14,1
106929061#1,1.781,0.058,0.055,0.0,48,1
-323470714#11,2.078,0.345,0.116,0.0,1797,1
-717018706#5,2.627,0.316,0.102,15.0,260,1
107537270#1,2.323,0.129,0.142,0.0,51,1
-365435694#0,2.976,0.146,0.052,0.0,850,1
106734537#0,2.375,0.543,0.121,234.0,2764,1
717018706#9,2.383,0.394,0.097,193.0,3597,1
-106735206#2,3.668,0.117,0.117,1.0,9,1
83718171,3.224,0.480,0.159,0.0,5992,1
761315155,3.512,0.269,0.193,0.0,30,1
-306603650#4,2.298,0.156,0.155,0.0,68,1
-306611196#4,3.017,0.149,0.079,5.0,101,1
-83737071#4,2.742,0.346,0.143,0.0,3432,1
-306620331#6,1.935,0.585,0.196,0.0,1359,1
711187486#3,0.872,0.668,0.096,265947.0,12726,1
-717018699#1,3.348,0.324,0.115,871.0,2695,1
-107537265#2,2.184,0.100,0.049,0.0,596,1
107537246#1,2.721,0.165,0.112,0.0,59,1
106928653#1,2.358,0.373,0.200,49.0,581,1
106734531#3,3.124,0.038,0.036,2.0,84,1
385158746#2,2.005,0.063,0.063,55.0,40,1
-83737118#6,1.785,0.375,0.053,0.0,12008,1
-502799838#1,3.146,0.157,0.080,53.0,1074,1
83718172#3,2.714,0.184,0.061,0.0,3695,1
-222899712#1,1.808,0.434,0.063,0.0,10659,1
106734696#4,2.895,0.234,0.134,4.0,49,1
751775959,3.211,0.174,0.029,0.0,4011,1
-717018706#9,2.638,0.197,0.095,153.0,615,1
393255038#0,2.286,0.198,0.034,13566.0,4940,1
-306620331#3,1.872,0.351,0.117,0.0,2390,1
435387528#6,2.037,0.416,0.139,0.0,123,1
-306620331#8,1.911,0.406,0.098,0.0,2571,1
-427091880#9,1.863,0.593,0.281,0.0,2253,1
-106621766#0,2.491,0.186,0.094,0.0,962,1
106923052#12,1.871,0.091,0.094,0.0,29,1
107545510#3,2.963,0.171,0.166,3.0,41,1
-365435694#5,2.948,0.225,0.120,0.0,343,1
107537275#5,2.466,0.170,0.156,4.0,51,1
1451259112,3.454,0.105,0.052,0.0,1849,1
-306604006#6,3.123,0.317,0.055,237.0,6962,1
83737053#1,0.506,0.674,0.061,477063.0,34690,1
385167820,2.975,0.120,0.040,673.0,2638,1
385158741,3.376,0.117,0.058,35.0,777,1
391062137,2.602,0.146,0.134,0.0,116,1
-83619622#0,2.133,0.048,0.050,0.0,97,1
393255040#5,1.746,0.146,0.029,0.0,3710,1
-306604006#2,1.759,0.595,0.086,22792.0,7919,1
107553471#6,2.748,0.605,0.584,0.0,362,1
-369010051,3.046,0.077,0.026,0.0,828,1
106734530#3,2.079,0.100,0.105,0.0,48,1
-306611196#3,3.154,0.129,0.061,6.0,150,1
306620331#8,2.803,0.102,0.099,0.0,106,1
-106618195#10,2.645,0.035,0.037,1.0,55,1
-107537263#0,2.719,0.263,0.104,0.0,1505,1
-369011879#3,2.504,0.078,0.080,69.0,1796,1
761315154#0,2.289,0.113,0.115,0.0,116,1
-435383361#0,1.758,0.072,0.072,0.0,79,1
-323470714#2,1.817,0.295,0.049,0.0,6795,1
83737118#11,2.231,0.584,0.276,0.0,1391,1
-369011877#3,2.215,0.263,0.052,4770.0,4166,1
323470714#6,2.302,0.302,0.354,0.0,63,1
-83737118#3,1.801,0.505,0.127,0.0,4831,1
83715119#0,3.045,0.477,0.103,0.0,10047,1
-106621768#9,1.755,0.242,0.048,0.0,6158,1
-306603445#0,2.103,0.503,0.101,0.0,6006,1
-258418472#0,4.195,0.158,0.081,0.0,3408,1
390876404#4,0.278,0.669,0.060,858791.0,46604,1
106621766#3,1.745,0.768,0.734,45.0,468,1
323470713#0,2.484,0.071,0.074,3.0,86,1
-711187488#5,1.734,0.050,0.054,0.0,113,1
-385156777#2,2.412,0.059,0.052,1.0,36,1
83718179#8,4.243,2.431,2.468,0.0,47,1
106934737#0,2.951,0.193,0.049,68.0,2450,1
83718172#8,0.220,0.680,0.061,1045520.0,35879,1
-106735206#1,3.481,0.144,0.144,1.0,10,1
107553471#7,2.736,0.333,0.161,0.0,1419,1
106621765#3,2.152,0.515,0.137,0.0,2286,1
712927445#3,2.012,0.435,0.349,0.0,46,1
-464440159#1,3.342,0.040,0.042,3.0,112,1
-106734530#10,1.849,0.108,0.096,0.0,177,1
107537257#1,3.007,0.216,0.098,2.0,47,1
385158740#4,2.776,0.059,0.058,5.0,155,1
-369010052#0,1.726,0.303,0.101,0.0,2343,1
751775965#1,1.482,11.720,142.831,20.0,47,1
393255040#3,1.879,0.227,0.028,108.0,8961,1
385158750#2,3.864,0.052,0.061,3.0,102,1
464436715,2.672,0.172,0.173,0.0,385,1
69421360#0,3.738,0.062,0.076,1.0,22,1
-306603560#0,2.053,0.306,0.097,0.0,333,1
-365435376#4,2.036,0.053,0.055,0.0,232,1
464445655#0,2.707,0.051,0.052,16.0,625,1
-323470714#10,2.050,0.363,0.120,0.0,1719,1
711187486#4,0.688,0.705,0.184,163396.0,7893,1
-106609644#2,2.721,0.279,0.056,0.0,5529,1
390855006#4,2.079,0.061,0.058,0.0,198,1
464436714#2,2.757,0.059,0.059,0.0,1043,1
-106928653#5,3.185,0.320,0.064,3.0,4866,1
-106923052#2,1.865,0.317,0.062,0.0,3280,1
648676598,2.097,0.144,0.075,0.0,393,1
323470714#7,2.336,0.212,0.228,0.0,90,1
385156775#0,3.650,0.061,0.064,1.0,23,1
106928653#2,2.967,0.120,0.062,9.0,1368,1
-464445655#2,3.157,0.255,0.064,51.0,1260,1
-107537246#1,2.688,0.128,0.117,0.0,619,1
222899712#1,1.946,0.322,0.064,0.0,3729,1
-427091880#8,1.806,0.521,0.085,0.0,7952,1
106931287#3,2.150,0.048,0.044,0.0,97,1
427091883,2.738,0.402,0.446,0.0,386,1
306603445#1,2.076,0.106,0.114,0.0,46,1
107537246#2,2.778,0.186,0.095,0.0,76,1
306620332,3.792,0.068,0.067,8.0,161,1
435387528#7,2.043,0.076,0.019,0.0,1295,1
106734571#3,1.972,0.058,0.059,0.0,130,1
-107553471#7,2.013,0.166,0.135,0.0,44,1
42980561#6,1.987,0.059,0.061,0.0,127,1
-106618481#1,1.689,0.109,0.087,0.0,25,1
1191290959#0,3.094,0.401,0.132,0.0,5530,1
83737122#3,2.196,0.060,0.057,0.0,75,1
106621765#1,2.734,0.126,0.064,0.0,551,1
-636433639#2,3.122,0.053,0.053,2.0,61,1
-306603560#3,1.994,0.219,0.108,0.0,159,1
-717018706#4,2.525,0.292,0.095,14.0,290,1
-380861778#0,2.081,0.147,0.049,0.0,1660,1
427091880#3,2.669,0.462,0.155,0.0,1591,1
-83715154#3,2.559,0.053,0.053,0.0,259,1
369011876#1,2.064,0.155,0.076,0.0,92,1
-1205960027#1,1.873,0.305,0.099,0.0,603,1
-1205561604,2.620,0.448,0.206,0.0,748,1
717018706#10,2.517,0.174,0.027,4779.0,12423,1
-316423888,2.034,0.130,0.138,0.0,37,1
-365435694#4,2.216,0.260,0.247,23.0,224,1
-106864179#2,2.197,0.164,0.203,1.0,14,1
-106618195#5,2.409,0.467,0.174,7.0,96,1
107545498,1.850,0.112,0.037,0.0,1368,1
681140076#0,2.291,0.068,0.073,0.0,96,1
83737060#3,2.907,0.059,0.058,5.0,147,1
-106735206#0,3.129,0.115,0.164,1.0,14,1
320534853#3,2.203,0.180,0.045,0.0,2860,1
107553471#8,2.756,0.302,0.157,0.0,1482,1
-106927911#0,1.726,0.524,0.246,65.0,1598,1
761315154#1,2.322,0.121,0.110,0.0,107,1
-369010053#2,2.967,0.235,0.117,4.0,75,1
-106734537#1,3.441,0.290,0.098,202.0,3152,1
106618518#0,2.807,0.346,0.059,294.0,8154,1
306620331#9,2.797,0.104,0.104,0.0,101,1
-323470714#0,1.755,0.103,0.051,0.0,2275,1
385158740#1,2.930,0.060,0.058,5.0,146,1
463462865#1,2.432,0.085,0.080,0.0,97,1
-83737118#11,1.844,0.584,0.286,10.0,2285,1
106734530#4,2.188,0.083,0.082,0.0,54,1
258418175#5,2.749,0.120,0.080,0.0,30,1
-106931287#9,2.739,0.057,0.058,0.0,508,1
323470714#8,2.337,0.200,0.178,0.0,96,1
390899290#2,2.138,0.060,0.059,0.0,153,1
106734569#3,2.977,0.045,0.044,10.0,187,1
107537257#2,3.813,0.057,0.056,2.0,69,1
-106928653#2,3.103,0.240,0.060,62.0,1687,1
-306620331#2,1.922,0.593,0.194,0.0,1346,1
385156778#1,0.393,0.734,0.073,949469.0,43985,1
316541824#0,2.592,0.125,0.061,7.0,219,1
435387528#0,2.442,0.152,0.181,0.0,53,1
393255038#3,3.178,0.209,0.104,0.0,1107,1
83715113#0,2.548,0.249,0.050,319.0,10760,1
106734530#14,2.013,0.595,0.290,0.0,1263,1
-435353056#1,2.140,0.035,0.034,0.0,264,1
393255040#0,1.948,0.259,0.033,0.0,7716,1
-107552045#3,2.887,0.115,0.059,10.0,304,1
711187489#2,2.789,0.101,0.051,7.0,252,1
369011875#0,3.543,0.079,0.080,50.0,660,1
106734572#2,2.182,0.101,0.112,0.0,45,1
-83715147#0,4.105,0.047,0.057,0.0,25,1
-106734530#9,1.889,0.043,0.042,0.0,311,1
-106734530#3,1.919,0.100,0.098,0.0,103,1
1016666250,3.051,0.246,0.111,15.0,1657,1
-323470714#9,2.040,0.299,0.099,0.0,2130,1
-107537246#0,2.495,0.233,0.122,1609.0,796,1
393255036#0,2.658,0.234,0.034,1911.0,4914,1
258418697,2.843,0.185,0.195,0.0,16,1
390876404#0,0.458,0.679,0.058,548852.0,37851,1
-463462865#2,2.184,0.062,0.058,0.0,294,1
-502799827#0,1.869,0.196,0.202,0.0,258,1
-369011879#2,2.466,0.089,0.089,69.0,1590,1
365435693#0,2.496,0.125,0.042,0.0,2160,1
-320534853#5,2.786,0.045,0.045,0.0,158,1
107553471#9,2.751,0.240,0.118,0.0,1920,1
385158752#0,2.569,0.127,0.063,5220.0,939,1
751775967,3.639,0.059,0.049,1.0,24,1
-83737118#10,1.796,0.535,0.139,0.0,4847,1
427091880#0,2.722,0.331,0.111,0.0,2194,1
-390861646#0,2.029,0.235,0.058,0.0,3977,1
-107553471#6,2.062,0.536,0.713,0.0,16,1
390876404#5,0.231,0.674,0.065,990747.0,48074,1
107537246#3,2.730,0.105,0.089,0.0,67,1
323470713#1,2.494,0.040,0.039,1.0,51,1
-464445655#1,2.996,0.249,0.084,51.0,1033,1
393255038#4,3.228,0.103,0.031,0.0,2389,1
-369011877#2,3.062,0.167,0.057,16.0,483,1
323470714#9,2.316,0.100,0.107,0.0,192,1
106934737#1,3.284,0.295,0.081,0.0,1331,1
385156775#1,3.986,0.053,0.055,1.0,48,1
-106618195#4,2.558,0.271,0.093,5.0,152,1
306611386,3.822,0.032,0.030,41.0,249,1
761315153,3.609,0.196,0.200,0.0,43,1
306620331#1,2.875,0.231,0.241,0.0,58,1
464445655#1,2.601,0.083,0.078,16.0,380,1
385156773#0,3.173,0.062,0.067,37.0,52,1
1361549380,2.143,0.307,0.329,0.0,15,1
-106621534#2,2.746,0.147,0.037,0.0,4006,1
258418175#6,3.845,0.025,0.026,2.0,103,1
-435383360#6,2.499,0.072,0.068,2.0,56,1
478878743#2,2.158,0.057,0.057,0.0,80,1
385158740#5,2.514,0.059,0.058,109.0,172,1
-106618481#0,1.791,0.132,0.126,0.0,21,1
-306620331#1,1.933,0.497,0.226,0.0,1148,1
-106734574#7,2.744,0.092,0.082,6.0,142,1
385156770#0,2.168,0.061,0.064,0.0,76,1
-369013318#2,1.921,0.114,0.120,0.0,432,1
-385156777#1,3.088,0.059,0.053,1.0,56,1
435383361#1,0.433,0.667,0.052,813886.0,28619,1
-106864635#2,3.327,0.017,0.008,0.0,355,1
361112802#0,2.660,0.115,0.056,5.0,165,1
-106609644#1,2.725,0.440,0.113,1.0,2694,1
306603445#2,2.166,0.067,0.064,0.0,68,1
106734530#5,2.362,0.114,0.120,0.0,57,1
648676596,2.138,0.111,0.123,0.0,102,1
519184098#0,2.215,0.040,0.040,0.0,281,1
106621765#2,2.728,0.120,0.060,0.0,577,1
42980561#7,1.991,0.059,0.059,0.0,128,1
106618518#1,2.650,0.397,0.100,263.0,5024,1
-681140075#2,3.029,0.136,0.164,2.0,25,1
83715138,2.003,0.112,0.028,0.0,2136,1
751775960#0,2.144,0.072,0.080,0.0,63,1
435387528#1,2.493,0.212,0.133,0.0,69,1
306620331#2,2.773,0.198,0.198,0.0,71,1
-106621543,2.819,0.088,0.088,0.0,20,1
-106928653#1,2.570,0.497,0.188,61.0,673,1
370248374#5,3.558,0.005,0.008,0.0,7,1
306603650#2,1.917,0.294,0.141,0.0,87,1
390876405,2.738,0.291,0.075,4.0,1984,1
42980561#16,2.243,0.227,0.109,0.0,176,1
106931287#4,1.975,0.057,0.056,0.0,133,1
107537257#3,4.316,0.100,0.091,0.0,11,1
-83715154#2,2.537,0.051,0.054,0.0,230,1
106734696#5,3.917,0.038,0.033,1.0,34,1
-107537265#1,2.099,0.147,0.050,0.0,701,1
712927445#5,2.040,0.123,0.108,0.0,137,1
83718172#11,1.729,0.059,0.061,0.0,49,1
369011876#2,2.251,0.222,0.123,0.0,99,1
390899290#4,1.972,0.144,0.073,0.0,421,1
389987796#1,4.182,0.052,0.045,0.0,23,1
1446819413#0,2.597,0.130,0.066,0.0,1317,1
-464445655#0,3.510,0.206,0.051,0.0,1342,1
323470714#10,2.319,0.121,0.108,0.0,159,1
-369011879#1,2.594,0.048,0.048,69.0,2776,1
-106931287#8,2.668,0.032,0.032,0.0,989,1
-464440159#0,3.436,0.031,0.030,0.0,326,1
-106618195#9,2.473,0.251,0.136,4.0,66,1
83737099#4,0.297,0.713,0.059,1144503.0,46019,1
-106934771#4,1.643,0.218,0.302,0.0,14,1
-427091880#3,1.825,0.413,0.147,0.0,1691,1
389989194#0,3.208,0.051,0.025,4.0,249,1
463462865#2,2.420,0.062,0.059,0.0,131,1
-106734569#1,2.978,0.029,0.030,3.0,406,1
391091771#9,2.733,0.101,0.081,0.0,18,1
-306620332,2.535,0.273,0.068,106.0,2965,1
379968388#0,3.532,0.060,0.050,1.0,24,1
316541824#1,2.645,0.118,0.056,13.0,259,1
306620331#3,2.807,0.117,0.116,0.0,121,1
464445655#2,2.886,0.064,0.062,0.0,432,1
-323470714#7,2.030,0.546,0.202,0.0,903,1
751775961#0,1.937,0.323,0.065,0.0,3512,1
-681140078,2.801,0.067,0.051,0.0,26,1
107537240#1,2.747,0.116,0.120,17.0,274,1
-106928653#0,3.002,0.256,0.065,61.0,1556,1
370248376#0,2.387,0.117,0.117,0.0,4,0
-17735530#2,2.279,0.055,0.058,0.0,120,1
369011875#2,2.551,0.227,0.114,90.0,1599,1
-369013318#1,1.883,0.103,0.104,0.0,512,1
-106618195#3,2.569,0.150,0.050,67.0,198,1
385156775#2,2.931,0.069,0.069,67.0,50,1
106734530#6,2.007,0.104,0.092,0.0,72,1
-711187488#4,1.765,0.051,0.055,0.0,55,1
106618518#2,2.540,0.417,0.106,260.0,4951,1
380861778#0,1.953,0.050,0.052,0.0,204,1
-369011877#1,3.015,0.131,0.069,9.0,406,1
761315152#0,3.102,0.105,0.114,0.0,46,1
83718179#6,2.203,2.712,4.009,0.0,305,1
107537275#4,3.010,0.030,0.031,3.0,169,1
83737099#2,1.117,0.659,0.062,141291.0,8601,1
711187489#3,2.682,0.100,0.050,7.0,265,1
-365435376#3,2.058,0.187,0.218,0.0,66,1
-107553478,4.214,0.048,0.058,0.0,25,1
-306603650#2,2.203,0.147,0.157,0.0,107,1
-464436713,2.747,0.049,0.049,0.0,2013,1
42980561#17,2.215,0.086,0.089,0.0,183,1
751775964#1,1.461,23.185,104.600,50.0,64,1
361112802#1,2.642,0.282,0.105,3.0,67,1
-323470714#6,2.052,0.604,0.282,0.0,628,1
385158752#1,3.085,0.137,0.069,361.0,728,1
-435383360#5,2.416,0.116,0.126,2.0,37,1
-712927445#5,1.985,0.376,0.125,0.0,257,1
-106621534#0,2.749,0.224,0.111,0.0,1271,1
390876404#6,0.201,0.671,0.060,1180379.0,55122,1
83715120#0,4.125,0.048,0.039,0.0,25,1
751775960#1,2.202,0.064,0.065,0.0,69,1
-106734530#8,1.970,0.112,0.114,0.0,135,1
-83715138,2.298,0.028,0.029,0.0,233,1
435387528#2,2.217,0.285,0.118,0.0,62,1
106621768#8,1.961,0.100,0.051,0.0,306,1
323470714#0,1.833,0.103,0.051,0.0,798,1
385156770#1,2.168,0.057,0.057,0.0,80,1
323470714#11,2.288,0.115,0.113,0.0,169,1
-106934771#3,1.767,0.070,0.070,0.0,40,1
-463462865#1,2.144,0.084,0.089,0.0,109,1
107537266,2.852,0.118,0.158,0.0,15,1
-83737053#2,1.748,0.306,0.061,0.0,3500,1
306603560#0,2.099,0.204,0.105,0.0,395,1
-106618195#8,2.581,0.224,0.103,4.0,71,1
-370247669#0,4.064,0.039,0.038,0.0,31,1
-106734568#6,2.188,0.098,0.084,0.0,46,1
-435353056#0,4.279,0.053,0.048,0.0,44,1
-369011880#1,2.239,0.249,0.062,0.0,1706,1
369010051,3.100,0.026,0.025,0.0,378,1
323470714#12,2.403,0.227,0.108,6.0,274,1
17735530#1,2.016,0.069,0.066,0.0,107,1
-106621766#3,2.465,0.768,0.783,0.0,124,1
-427091880#2,1.808,0.339,0.083,0.0,3054,1
761315152#1,2.421,0.191,0.173,2.0,22,1
-106927911#2,1.743,0.063,0.021,0.0,5223,1
385156768#0,2.610,0.065,0.059,119.0,122,1
717017078#0,2.240,0.114,0.057,0.0,313,1
-361115014,1.827,0.074,0.037,0.0,1183,1
-106734574#3,2.663,0.038,0.038,2.0,100,1
-306603650#1,2.144,0.023,0.011,0.0,1234,1
69421363#1,2.018,0.113,0.057,0.0,482,1
106621767#3,3.154,0.098,0.053,6.0,231,1
106931287#5,2.820,0.055,0.052,0.0,32,1
106734530#7,1.932,0.105,0.114,0.0,73,1
-107545510#3,3.067,0.304,0.175,44.0,451,1
-83718177,1.813,0.391,0.065,61.0,5932,1
-365435376#2,2.084,0.196,0.189,0.0,60,1
385156775#3,3.582,0.063,0.066,2.0,46,1
-505633108,2.563,0.202,0.051,1064.0,3061,1
323470713#2,2.612,0.058,0.051,1.0,34,1
-83715154#1,2.507,0.051,0.051,0.0,233,1
106618195#2,2.608,0.064,0.064,1.0,30,1
-106734631#2,3.155,0.039,0.038,2.0,82,1
-106621534#1,2.750,0.295,0.144,0.0,957,1
107537258#0,1.835,0.039,0.038,0.0,71,1
385158747#0,2.183,0.145,0.181,0.0,32,1
-391062137,1.911,0.495,0.146,0.0,1795,1
1010345639,2.192,0.142,0.075,0.0,160,1
761315152#2,2.688,0.143,0.159,2.0,27,1
316541824#3,2.584,0.116,0.064,7.0,238,1
435387528#3,2.212,0.284,0.138,0.0,63,1
-107545510#2,3.042,0.170,0.170,44.0,443,1
106734637,3.112,0.038,0.036,2.0,85,1
-106734531#5,2.634,0.102,0.108,4.0,76,1
-712927445#4,2.462,0.250,0.082,0.0,1379,1
306603560#1,2.003,0.139,0.067,0.0,576,1
-369011879#0,2.748,0.066,0.022,0.0,5742,1
365435693#1,2.511,0.309,0.155,0.0,574,1
-435353057,2.752,0.011,0.012,0.0,318,1
-107537241,4.140,0.036,0.036,0.0,66,1
435427814,2.670,0.164,0.057,19.0,659,1
-390906228#1,2.742,0.057,0.053,29.0,65,1
83737099#3,0.243,0.669,0.057,1014923.0,35684,1
106734530#8,1.967,0.112,0.130,0.0,67,1
-365435376#1,2.050,0.069,0.063,0.0,175,1
751775961#1,1.563,0.261,0.044,17017.0,6380,1
-106923052#12,1.747,0.091,0.094,0.0,62,1
385156770#3,2.231,0.059,0.063,0.0,75,1
107537265#1,2.428,0.051,0.051,0.0,205,1
42980561#10,2.346,0.059,0.060,0.0,108,1
711187489#4,2.800,0.100,0.053,6.0,215,1
369011879#1,2.831,0.242,0.048,69.0,2501,1
-107553480,4.027,0.047,0.041,1.0,53,1
385156775#4,3.565,0.058,0.059,4.0,49,1
-107537265#0,2.121,0.094,0.019,0.0,2130,1
-106931287#6,2.666,0.055,0.055,0.0,573,1
391062126,2.732,0.081,0.070,0.0,23,1
717017078#1,2.374,0.133,0.068,0.0,314,1
385156774#1,3.141,0.060,0.059,3.0,106,1
1446819419,3.635,0.060,0.052,1.0,24,1
106621546,3.106,0.043,0.044,2.0,77,1
107545503#0,3.353,0.032,0.032,3.0,143,1
69421363#2,1.977,0.059,0.059,0.0,257,1
-106934771#2,1.786,0.241,0.219,0.0,11,1
-463462865#4,2.225,0.408,0.285,0.0,41,1
519184098#1,2.257,0.211,0.212,0.0,53,1
-106734531#4,2.616,0.102,0.120,4.0,76,1
435387528#4,2.137,0.266,0.143,0.0,104,1
-83715146#0,3.125,0.048,0.048,0.0,102,1
-106734696#5,2.638,0.038,0.037,2.0,101,1
-427091882#3,2.051,0.211,0.229,13.0,79,1
106734530#9,2.347,0.043,0.043,0.0,148,1
427091882#1,3.298,0.029,0.015,5.0,260,1
-106734701#3,2.055,0.329,0.343,0.0,28,1
106931287#1,1.784,0.051,0.052,0.0,109,1
365435693#2,2.571,0.158,0.079,0.0,1055,1
-83737053#0,1.660,0.315,0.078,2639.0,2944,1
106734568#3,1.955,0.108,0.097,0.0,71,1
106618195#3,2.879,0.100,0.050,12.0,423,1
-83715154#0,2.476,0.050,0.051,0.0,243,1
361112802#2,2.421,0.279,0.124,3.0,45,1
1205960027#0,2.351,0.202,0.101,0.0,1189,1
-463462865#3,2.221,0.063,0.059,0.0,252,1
-427091882#2,2.699,0.143,0.072,12.0,159,1
320533882,1.772,0.129,0.138,0.0,44,1
1361549382,2.776,0.038,0.042,0.0,46,1
106621768#9,1.993,0.097,0.048,0.0,310,1
-712927445#3,2.113,0.435,0.468,0.0,67,1
258418101#0,1.787,0.445,0.445,1.0,6,1
106923050#0,2.656,0.055,0.050,1.0,35,1
-106734701#2,2.171,0.312,0.209,0.0,29,1
519184098#2,2.196,0.186,0.181,0.0,61,1
385158745,2.968,0.059,0.056,5.0,146,1
-106734574#1,2.750,0.154,0.128,0.0,12,1
306600088#0,2.957,0.052,0.048,3.0,99,1
369011879#2,2.651,0.357,0.090,68.0,1441,1
106927911#0,1.818,0.262,0.262,0.0,189,1
770424773,3.124,0.060,0.061,7.0,190,1
106923045,2.735,0.064,0.066,1.0,29,1
42980561#11,2.306,0.059,0.058,0.0,111,1
389989194#1,3.779,0.044,0.043,2.0,61,1
-106923052#9,2.100,0.062,0.064,0.0,77,1
107545522#0,1.678,0.121,0.146,0.0,25,1
-106734568#4,1.824,0.113,0.131,0.0,24,1
-712927445#2,1.974,0.136,0.046,0.0,723,1
-390906228#0,3.060,0.062,0.067,2.0,54,1
717017078#2,2.237,0.122,0.063,0.0,400,1
258418101#1,2.974,0.124,0.144,3.0,43,1
365435694#0,3.236,0.108,0.050,57.0,1829,1
106734568#4,2.120,0.113,0.091,0.0,85,1
361112802#3,2.384,0.265,0.110,3.0,49,1
107552045#5,2.576,0.215,0.112,24.0,444,1
107537265#2,2.774,0.050,0.048,0.0,73,1
-365435376#0,1.984,0.146,0.146,0.0,101,1
-106931287#4,2.661,0.057,0.058,0.0,525,1
-106734701#1,2.150,0.084,0.076,0.0,110,1
369010053#1,3.482,0.095,0.080,45.0,842,1
711187489#5,3.242,0.050,0.055,4.0,153,1
107537275#7,2.798,0.051,0.054,4.0,141,1
365435693#4,2.598,0.218,0.108,0.0,750,1
1205642268,1.939,0.051,0.049,0.0,354,1
519184098#3,2.525,0.199,0.156,0.0,39,1
106618195#4,2.657,0.181,0.090,11.0,254,1
369011879#3,3.206,0.296,0.075,0.0,1421,1
83715148#0,1.988,0.047,0.047,0.0,161,1
-106734628#2,2.208,0.114,0.114,1.0,20,1
107538690#0,2.830,0.061,0.052,0.0,14,1
258418101#2,2.786,0.142,0.146,3.0,39,1
-106923052#6,1.963,0.241,0.048,0.0,4208,1
83737060#0,3.103,0.051,0.052,4.0,128,1
-106734569#3,2.870,0.091,0.045,21.0,270,1
107553469#2,1.749,0.243,0.049,0.0,4465,1
-83715120#3,2.501,0.049,0.055,1.0,42,1
107537258#3,1.777,0.026,0.027,0.0,107,1
106734568#5,2.195,0.100,0.073,0.0,45,1
385156781#0,3.093,0.116,0.057,9.0,255,1
83715132#4,3.714,0.116,0.101,1.0,23,1
-107545505,2.696,0.077,0.064,0.0,24,1
-106621530#1,3.186,0.076,0.069,0.0,105,1
106734530#10,2.030,0.108,0.107,0.0,46,1
390876404#8,1.705,0.058,0.058,0.0,50,1
369010053#2,3.274,0.117,0.113,45.0,604,1
83715145#0,2.748,0.050,0.056,0.0,36,1
-435387528#6,2.160,0.278,0.135,0.0,164,1
-369011877#5,2.748,0.158,0.057,103.0,425,1
107545522#1,1.763,0.040,0.039,0.0,72,1
519184100,3.047,0.084,0.099,3.0,60,1
83715153#0,2.388,0.058,0.059,0.0,143,1
-83715131#3,2.722,0.050,0.047,0.0,73,1
-106621768#13,1.808,0.058,0.060,0.0,93,1
42980561#12,2.187,0.059,0.055,0.0,77,1
389989194#2,3.744,0.065,0.072,2.0,41,1
258418101#3,2.894,0.129,0.125,3.0,42,1
-106734696#4,2.528,0.141,0.146,2.0,29,1
-106621547#1,2.250,0.000,0.000,0.0,1,0
106620214#0,2.716,0.127,0.117,2.0,30,1
106618195#5,2.478,0.313,0.156,11.0,147,1
365435694#2,3.611,0.306,0.153,0.0,500,1
-393483684#2,2.728,0.120,0.058,11.0,312,1
306600088#1,2.903,0.050,0.048,3.0,105,1
-106934737#1,2.506,0.153,0.077,69.0,1841,1
1361549386#0,0.077,0.000,0.000,1.0,1,0
-466751982#1,2.328,0.209,0.202,3.0,31,1
107553480,3.132,0.047,0.049,2.0,68,1
83715134#0,2.739,0.050,0.055,0.0,36,1
-106931287#3,2.672,0.048,0.048,0.0,623,1
115453378,2.731,0.035,0.038,1.0,53,1
106734530#0,1.722,0.068,0.070,0.0,42,1
385156773#1,4.115,0.053,0.061,0.0,23,1
-106734701#0,1.999,0.140,0.131,0.0,54,1
106622167#0,2.713,0.111,0.065,0.0,17,1
-435387528#5,2.043,0.128,0.064,0.0,417,1
106734568#6,2.367,0.098,0.087,0.0,65,1
-106621530#0,3.016,0.081,0.040,5.0,207,1
107537265#3,2.324,0.100,0.051,0.0,128,1
106734530#11,2.116,0.116,0.113,0.0,41,1
1361549386#1,2.658,0.148,0.114,1.0,13,1
365435694#3,2.260,0.441,0.336,54.0,416,1
306611125#0,2.702,0.058,0.028,14.0,902,1
-106621767#3,2.881,0.049,0.050,3.0,108,1
106618195#6,2.946,0.049,0.024,11.0,767,1
711187489#6,3.107,0.052,0.058,4.0,125,1
-445982155,3.943,0.050,0.060,0.0,25,1
-1205352351#5,2.321,0.061,0.057,0.0,106,1
107537275#8,2.776,0.070,0.070,4.0,105,1
-106734696#3,2.266,0.134,0.138,2.0,33,1
-320534853#2,2.428,0.049,0.050,0.0,169,1
-466751982#0,2.768,0.103,0.091,3.0,53,1
106621768#10,2.024,0.092,0.050,0.0,149,1
106620214#1,2.699,0.114,0.138,2.0,33,1
365435694#4,3.671,0.264,0.222,0.0,305,1
106734701#0,2.819,0.140,0.112,0.0,25,1
-519184099#3,1.645,0.178,0.195,0.0,17,1
106622167#1,2.818,0.133,0.095,0.0,14,1
717017078#5,2.759,0.063,0.062,0.0,144,1
365435694#5,3.579,0.227,0.113,0.0,635,1
42980561#13,2.122,0.062,0.057,0.0,75,1
83715153#1,2.395,0.050,0.051,0.0,166,1
106734568#7,1.984,0.079,0.083,0.0,95,1
-106734569#2,2.906,0.074,0.037,7.0,331,1
106734530#12,2.071,0.103,0.111,0.0,46,1
83737087#0,2.750,0.055,0.050,0.0,33,1
-106934737#0,2.586,0.096,0.048,68.0,2762,1
83718179#1,2.801,24.951,131.127,3.0,28,1
83715145#1,2.728,0.051,0.055,0.0,37,1
-385158748#1,3.585,0.060,0.060,0.0,70,1
505633109#0,2.309,0.319,0.174,10.0,119,1
389989194#3,2.600,0.195,0.257,2.0,21,1
-107537246#4,2.647,0.106,0.112,0.0,791,1
-83715131#2,2.732,0.050,0.048,0.0,73,1
-1361549387,4.123,0.030,0.023,0.0,40,1
-361106713#2,2.704,0.063,0.066,1.0,30,1
106734701#1,2.728,0.084,0.095,0.0,44,1
-106734696#2,2.282,0.120,0.122,2.0,37,1
-106734637,3.934,0.038,0.035,1.0,33,1
-712927445#1,2.459,0.103,0.102,0.0,98,1
369013318#0,2.336,0.160,0.080,0.0,1326,1
106620214#2,3.199,0.046,0.047,1.0,68,1
711187489#0,3.029,0.113,0.102,4.0,74,1
-306611393,3.335,0.174,0.223,0.0,68,1
83715134#1,2.752,0.050,0.056,0.0,36,1
-106923052#5,1.896,0.248,0.049,0.0,4209,1
-985852876,4.114,0.043,0.046,0.0,28,1
106621768#7,2.069,0.156,0.156,0.0,76,1
107537268#0,2.153,0.083,0.094,0.0,56,1
390876404#9,1.811,0.060,0.061,0.0,46,1
-106931287#2,2.765,0.048,0.049,0.0,557,1
107553469#3,1.739,0.601,0.321,0.0,621,1
-1205352351#4,2.701,0.061,0.061,0.0,60,1
-106621768#12,1.704,0.058,0.057,0.0,51,1
106931287#9,2.280,0.058,0.056,0.0,114,1
106734699#1,2.123,0.122,0.125,0.0,39,1
505633109#1,3.199,0.518,0.452,0.0,38,1
106734530#1,1.749,0.144,0.144,0.0,20,1
107537282#0,2.684,0.057,0.053,1.0,65,1
-106734531#3,3.079,0.038,0.039,1.0,127,1
-106621767#2,3.016,0.053,0.056,1.0,94,1
-106734571#3,2.119,0.058,0.062,0.0,80,1
-505633109#1,2.140,0.342,0.380,8.0,56,1
107553469#4,1.755,0.493,0.387,0.0,448,1
-435387528#3,2.039,0.284,0.135,0.0,168,1
42980561#14,2.095,0.060,0.060,0.0,79,1
717017078#7,2.123,0.059,0.056,0.0,313,1
107537729#1,2.774,0.016,0.015,0.0,114,1
306611393,1.991,0.356,0.170,98.0,132,1
-712927445#0,2.669,0.143,0.106,0.0,27,1
106929068#0,2.796,0.057,0.055,0.0,31,1
464609492#1,1.791,0.120,0.138,0.0,67,1
-106734694#0,4.185,0.042,0.043,0.0,29,1
435352398#1,2.781,0.046,0.047,0.0,39,1
106734539#0,2.067,0.166,0.183,0.0,29,1
385158751,1.751,0.054,0.057,0.0,53,1
83737087#1,2.704,0.073,0.062,0.0,26,1
711187489#1,2.925,0.118,0.113,3.0,59,1
106618195#8,2.727,0.112,0.109,7.0,133,1
369013318#1,2.345,0.207,0.101,0.0,976,1
712927445#0,1.724,0.143,0.143,0.0,20,1
-505633109#0,2.628,0.177,0.161,8.0,88,1
107553469#6,1.745,0.264,0.052,0.0,4005,1
83715125#0,2.092,0.238,0.226,2.0,21,1
83715132#2,4.156,0.114,0.104,0.0,11,1
-107552045#2,2.816,0.062,0.057,3.0,87,1
-361106713#1,1.733,0.034,0.035,0.0,85,1
-435387528#2,2.056,0.285,0.139,0.0,171,1
-83715131#1,2.759,0.050,0.053,0.0,36,1
106734530#2,1.762,0.073,0.060,0.0,39,1
712927444#0,4.208,0.115,0.118,0.0,11,1
106734699#2,2.109,0.136,0.117,0.0,35,1
106734539#1,2.638,0.108,0.109,0.0,17,1
-1205352351#3,2.308,0.057,0.057,0.0,114,1
-587605999,4.378,0.000,0.000,0.0,3,0
1361036528,2.765,0.024,0.023,0.0,74,1
-106923050#2,2.561,0.060,0.054,2.0,66,1
106939534#0,3.303,0.087,0.074,0.0,35,1
-389987779,2.710,0.052,0.059,0.0,35,1
-361112802#3,2.669,0.132,0.127,6.0,102,1
83715134#2,2.913,0.209,0.209,0.0,8,1
83715125#1,2.755,0.113,0.142,0.0,16,1
-106734530#7,1.855,0.105,0.094,0.0,127,1
-106931287#1,2.756,0.051,0.051,0.0,529,1
-106734697#2,2.570,0.066,0.067,1.0,59,1
369013318#2,2.333,0.229,0.111,0.0,896,1
-435387528#1,2.098,0.235,0.121,0.0,201,1
-106734571#1,2.168,0.142,0.129,0.0,33,1
-385158744#2,2.813,0.200,0.222,2.0,18,1
42980561#15,2.146,0.060,0.062,0.0,77,1
107545504,2.881,0.168,0.197,2.0,42,1
106929068#1,2.710,0.064,0.066,0.0,29,1
390876404#10,1.822,0.057,0.052,0.0,49,1
-107552045#1,1.806,0.043,0.044,951.0,131,1
-106621767#1,2.713,0.037,0.036,1.0,50,1
106734574#6,2.824,0.104,0.083,2.0,35,1
106734539#2,2.822,0.101,0.113,0.0,18,1
1206970931#0,2.169,0.060,0.062,0.0,77,1
-17735530#3,2.147,0.050,0.054,0.0,93,1
-106621768#11,1.684,0.049,0.049,0.0,60,1
-107553471#4,2.227,0.375,0.661,0.0,17,1
1446819413#1,1.777,0.041,0.043,0.0,68,1
-361112802#2,2.672,0.140,0.163,6.0,83,1
-385158744#1,3.296,0.113,0.123,2.0,28,1
106734699#3,2.109,0.133,0.129,0.0,36,1
-106923052#4,1.876,0.301,0.060,0.0,3446,1
385158754#2,4.145,0.157,0.105,0.0,15,1
83718183,0.565,4.623,4.743,451.0,177,1
-106734531#2,2.772,0.019,0.019,0.0,185,1
83715142#1,4.168,0.151,0.151,0.0,8,1
-106734571#0,2.672,0.060,0.058,0.0,31,1
107537268#1,2.691,0.160,0.145,0.0,11,1
505633110,1.739,0.103,0.110,0.0,28,1
-106734530#2,2.035,0.072,0.072,0.0,103,1
1010345642#0,3.547,0.033,0.035,0.0,127,1
-106923050#3,2.244,0.046,0.044,36.0,49,1
-1205352351#2,2.344,0.058,0.059,0.0,110,1
-106734530#6,1.930,0.104,0.086,0.0,100,1
106734574#7,2.846,0.092,0.093,2.0,38,1
-106923050#1,2.532,0.058,0.051,1.0,34,1
106734539#3,2.793,0.000,0.000,0.0,4,0
-107553471#2,2.096,0.196,0.206,0.0,48,1
-365435376#7,2.245,0.200,0.150,0.0,43,1
-106734697#1,2.786,0.113,0.141,0.0,16,1
-361112802#1,2.648,0.141,0.126,7.0,97,1
-541798144,4.356,0.098,0.082,0.0,12,1
306611196#1,3.261,0.062,0.065,6.0,151,1
-306604006#7,2.297,0.336,0.082,675.0,1945,1
369011879#4,2.118,0.541,0.183,204.0,903,1
106609347#1,3.539,0.049,0.051,6.0,174,1
106734699#4,2.027,0.117,0.129,0.0,42,1
466751982#0,2.973,0.102,0.079,3.0,66,1
-106621546,2.561,0.043,0.046,1.0,46,1
83718179#7,2.683,24.257,578.231,0.0,17,1
106734628#4,3.996,0.157,0.157,0.0,9,1
711187489#7,2.304,0.115,0.121,1.0,19,1
-365434351,3.152,0.043,0.044,6.0,76,1
-83715150#0,1.953,0.023,0.023,3.0,329,1
393483684#2,2.943,0.120,0.055,7.0,204,1
385156774#0,2.539,0.062,0.057,2.0,65,1
-106621767#0,2.376,0.097,0.088,1.0,22,1
-107552029#1,2.613,0.037,0.036,1.0,52,1
1010345642#1,2.296,0.038,0.038,0.0,174,1
361119337#0,2.633,0.214,0.214,0.0,9,1
306611195#0,2.823,0.107,0.105,2.0,34,1
-106734569#0,2.943,0.027,0.027,0.0,317,1
306611196#2,3.316,0.062,0.061,5.0,148,1
306603560#4,2.132,0.110,0.104,0.0,42,1
-106734530#1,1.734,0.144,0.121,0.0,40,1
466751982#1,2.603,0.209,0.236,4.0,37,1
361106714#0,2.798,0.023,0.023,0.0,79,1
106734699#5,1.770,0.047,0.047,0.0,60,1
-55465884#0,2.681,0.118,0.129,4.0,64,1
361119337#1,2.759,0.277,0.277,0.0,6,1
-107537268#2,2.250,17.690,17.690,0.0,1,0
-106621768#10,1.752,0.049,0.048,0.0,116,1
-306600089#0,1.705,0.080,0.065,0.0,37,1
-107537268#1,1.741,0.160,0.177,0.0,18,1
390906228#0,3.319,0.062,0.055,4.0,100,1
385158747#2,2.724,0.138,0.106,0.0,13,1
-1361278849#3,2.756,0.022,0.023,0.0,84,1
106609347#2,3.532,0.050,0.051,6.0,170,1
106734699#6,1.776,0.120,0.108,0.0,47,1
107552036#0,1.773,0.030,0.029,0.0,94,1
106927886,2.807,0.065,0.055,0.0,55,1
306611195#1,3.066,0.079,0.058,2.0,41,1
-106734530#0,1.761,0.068,0.072,0.0,83,1
32703487#1,3.201,0.059,0.056,1.0,53,1
258418162#0,2.745,0.087,0.086,0.0,42,1
390906228#1,3.848,0.057,0.070,3.0,70,1
-711187489#6,2.858,0.104,0.050,6.0,238,1
390855006#0,2.098,0.056,0.056,0.0,295,1
1010345642#2,2.347,0.111,0.124,0.0,56,1
-106734538,1.960,0.042,0.042,171.0,60,1
106734699#7,1.789,0.124,0.148,0.0,66,1
106923052#8,1.754,0.052,0.049,0.0,54,1
502799827#0,2.322,0.391,0.186,0.0,526,1
361115015#1,2.155,0.034,0.033,0.0,136,1
-106621768#3,2.035,0.063,0.056,0.0,113,1
361115013#3,3.355,0.147,0.147,1.0,10,1
-74112602,2.735,0.063,0.067,4.0,116,1
365435609,1.709,0.061,0.062,0.0,49,1
107538686#0,3.319,0.077,0.079,6.0,119,1
83737082#0,2.511,0.057,0.060,1.0,35,1
361115013#4,3.328,0.127,0.106,1.0,12,1
1010345642#3,4.236,0.041,0.044,0.0,28,1
385158743,3.752,0.059,0.063,2.0,47,1
-519184107,1.785,0.127,0.115,0.0,44,1
106929064#0,2.062,0.138,0.047,0.0,366,1
83715131#1,1.729,0.050,0.048,0.0,115,1
365435614#0,2.745,0.055,0.050,0.0,33,1
-711187489#5,2.915,0.101,0.051,6.0,240,1
84718335#1,1.834,0.079,0.020,0.0,1103,1
107538686#1,3.507,0.085,0.073,2.0,83,1
385158754#0,2.733,0.057,0.062,4.0,131,1
-361115015#2,2.747,0.063,0.062,0.0,435,1
761315151,4.204,0.030,0.030,0.0,40,1
1010345640#4,2.640,0.000,0.000,0.0,2,0
83737082#1,2.732,0.057,0.054,0.0,32,1
-435383361#1,1.725,0.051,0.053,0.0,56,1
-106864179#0,2.781,0.041,0.037,0.0,44,1
83715131#2,2.082,0.099,0.050,0.0,1252,1
-107545522#2,2.768,0.039,0.044,0.0,45,1
107537728#0,2.315,0.090,0.095,0.0,71,1
106929064#1,2.080,0.143,0.072,0.0,235,1
365435614#1,2.784,0.040,0.044,0.0,45,1
107552036#1,1.719,0.047,0.049,0.0,61,1
-385158744#0,3.723,0.060,0.052,1.0,23,1
-314619549#14,1.994,0.045,0.044,0.0,166,1
717018702#2,2.650,0.045,0.043,1.0,42,1
-711187489#4,2.950,0.100,0.052,6.0,204,1
-361115015#1,2.729,0.034,0.035,0.0,797,1
-106931277#2,3.573,0.282,0.524,0.0,16,1
385158754#1,2.743,0.061,0.058,4.0,123,1
-1205960028#2,3.136,0.123,0.130,0.0,38,1
83715154#0,1.925,0.050,0.053,0.0,206,1
-106931277#1,3.860,0.060,0.054,2.0,44,1
106618423#0,1.812,0.057,0.051,0.0,48,1
464440158,2.858,0.119,0.059,0.0,413,1
306611196#0,2.711,0.191,0.100,5.0,118,1
-107537275#9,2.601,0.342,0.203,8.0,93,1
-435387528#0,2.011,0.304,0.143,0.0,130,1
-106622540#1,2.709,0.096,0.077,3.0,78,1
-1205960028#1,3.450,0.091,0.114,0.0,32,1
-106734534#1,2.637,0.133,0.137,2.0,29,1
-107537736,2.804,0.050,0.043,0.0,35,1
106618195#9,2.561,0.124,0.120,7.0,112,1
-106733613#3,3.000,0.133,0.063,5.0,127,1
-107537275#8,2.841,0.140,0.074,8.0,205,1
198118090,3.324,0.014,0.014,0.0,221,1
107545513#0,3.826,0.044,0.044,1.0,30,1
-427091882#0,4.099,0.016,0.017,0.0,38,1
365435614#2,2.748,0.054,0.063,0.0,34,1
717018702#3,2.549,0.058,0.051,1.0,34,1
-369011875#0,3.442,0.080,0.073,0.0,55,1
369012894,1.844,0.059,0.030,0.0,1281,1
-106734534#0,2.782,0.135,0.104,0.0,13,1
194998606,2.703,0.083,0.075,0.0,22,1
83715127#0,2.145,0.055,0.052,0.0,168,1
106618195#10,2.915,0.035,0.035,7.0,347,1
83715131#3,1.977,0.135,0.050,0.0,1263,1
83737099#0,1.974,0.213,0.178,1.0,12,1
-306611195#1,3.531,0.079,0.081,15.0,279,1
-106733613#2,2.902,0.129,0.061,6.0,137,1
-464436715,2.393,0.174,0.163,0.0,36,1
106618423#2,1.727,0.052,0.046,0.0,56,1
-314619549#12,1.743,0.052,0.046,0.0,112,1
83715154#1,1.928,0.051,0.053,0.0,204,1
-107537275#7,2.893,0.102,0.050,7.0,273,1
83737099#1,2.837,0.100,0.117,0.0,17,1
306603650#3,2.122,0.031,0.030,0.0,155,1
107545513#1,2.239,0.000,0.000,1.0,5,0
-107553471#0,2.117,0.124,0.110,0.0,76,1
-106927887#1,3.214,0.048,0.043,1.0,66,1
-106734628#1,2.330,0.124,0.138,1.0,18,1
-72341542,4.248,0.015,0.015,0.0,39,1
1205642269,2.574,0.045,0.042,1.0,43,1
-107545510#4,3.403,0.082,0.063,1.0,18,1
-106733613#1,3.164,0.066,0.063,3.0,73,1
-711187489#2,3.107,0.101,0.049,3.0,161,1
306611196#3,3.242,0.065,0.069,6.0,145,1
106618195#11,2.689,0.098,0.112,4.0,78,1
-258418195,3.323,0.023,0.022,0.0,129,1
83715127#3,2.166,0.051,0.053,0.0,178,1
-17735530#1,2.726,0.069,0.077,0.0,27,1
-106734628#0,2.832,0.052,0.061,0.0,34,1
-107538676#1,1.801,0.064,0.059,0.0,87,1
-306600088#0,3.476,0.052,0.050,8.0,167,1
106618195#12,2.831,0.066,0.063,2.0,108,1
-83737087#8,2.114,0.060,0.061,0.0,155,1
84718335#2,1.922,0.248,0.081,6.0,278,1
306611196#4,3.122,0.084,0.078,5.0,116,1
107538676#2,2.793,0.000,0.000,0.0,7,1
1205352351#2,2.027,0.116,0.058,0.0,128,1
-107537275#5,2.568,0.301,0.159,7.0,83,1
-314619549#9,1.971,0.234,0.127,0.0,129,1
711187488#0,2.101,0.133,0.125,0.0,36,1
106622541#1,2.603,0.098,0.098,0.0,1,0
106620519#0,2.183,0.164,0.187,1.0,14,1
106618431#0,2.632,0.052,0.044,1.0,37,1
-314619549#10,1.715,0.289,0.289,0.0,20,1
-83715148#1,1.739,0.051,0.049,0.0,114,1
-17735530#0,2.661,0.069,0.077,0.0,27,1
83715154#2,1.923,0.051,0.055,0.0,201,1
-107537275#4,3.073,0.059,0.029,7.0,389,1
-711187489#1,3.454,0.118,0.120,3.0,37,1
306603650#4,2.124,0.156,0.128,0.0,31,1
711187488#1,2.078,0.105,0.093,0.0,45,1
106618195#13,3.317,0.030,0.030,0.0,99,1
106620519#1,2.234,0.225,0.225,1.0,10,1
-434064741#0,4.204,0.495,0.495,0.0,1,0
-83737087#6,2.787,0.057,0.055,0.0,31,1
463462865#3,2.800,0.063,0.065,0.0,86,1
-711187489#0,3.257,0.113,0.081,3.0,42,1
84718335#3,1.920,0.295,0.147,0.0,161,1
-83715146#1,3.005,0.050,0.052,2.0,67,1
-107538676#0,1.723,0.118,0.121,0.0,48,1
-314619549#7,2.053,0.375,0.424,0.0,39,1
106734631#0,3.682,0.099,0.071,1.0,14,1
106620519#2,1.622,0.000,0.000,1.0,6,1
385158748#0,3.001,0.059,0.064,0.0,113,1
-1205352351#6,2.658,0.062,0.060,0.0,31,1
-314619549#6,1.920,0.273,0.141,0.0,97,1
106620519#3,2.393,0.193,0.176,1.0,11,1
106618431#1,2.899,0.087,0.087,0.0,20,1
-306600088#1,3.804,0.050,0.052,5.0,132,1
1205352351#3,1.976,0.114,0.054,0.0,131,1
106734631#1,4.273,0.101,0.092,0.0,11,1
258418601#0,2.716,0.106,0.106,6.0,108,1
-106609642#4,2.750,0.031,0.029,0.0,59,1
258418129#0,1.787,0.023,0.023,0.0,362,1
-106618420#3,4.529,0.000,0.000,0.0,3,0
463462865#4,2.634,0.408,0.528,0.0,14,1
-83737087#5,2.753,0.061,0.061,0.0,30,1
106620519#4,1.679,0.458,0.458,1.0,7,1
83737081#1,2.762,0.234,0.242,0.0,15,1
369011880#1,1.785,0.124,0.062,0.0,783,1
-106618420#2,4.195,0.102,0.085,0.0,12,1
464440159#0,3.740,0.032,0.032,38.0,127,1
-83715148#0,1.739,0.047,0.046,0.0,123,1
83715154#3,1.530,0.053,0.056,530.0,248,1
-314619549#5,1.791,0.301,0.336,0.0,36,1
106620519#5,2.756,0.063,0.065,0.0,29,1
385158748#1,2.693,0.060,0.061,39.0,155,1
-198117867,4.189,0.033,0.035,0.0,37,1
258418601#1,2.751,0.108,0.097,5.0,103,1
-314619550#1,4.111,0.043,0.045,1.0,29,1
-106618420#1,4.152,0.103,0.093,0.0,11,1
-107537275#3,3.145,0.188,0.162,1.0,78,1
107537273#0,2.874,0.051,0.044,3.0,103,1
-107537258#4,2.799,0.026,0.025,0.0,68,1
-361115013#4,2.747,0.127,0.127,2.0,30,1
306620331#4,2.778,0.175,0.173,0.0,71,1
-83737087#4,2.768,0.061,0.054,0.0,29,1
-107537735#3,1.990,1.147,1.042,0.0,11,1
361109139#0,1.820,0.044,0.044,0.0,60,1
1205352351#4,2.000,0.122,0.063,0.0,123,1
306620331#5,2.789,0.218,0.181,0.0,61,1
-306603955#2,2.773,0.094,0.106,4.0,79,1
-369010054#0,3.345,0.069,0.073,0.0,42,1
-361115013#3,2.591,0.147,0.161,2.0,40,1
-314619550#0,4.109,0.101,0.087,0.0,12,1
385158746#0,3.641,0.059,0.073,1.0,24,1
306620331#6,2.846,0.204,0.204,0.0,61,1
-361112802#0,3.054,0.057,0.054,4.0,116,1
464440159#1,3.710,0.040,0.039,3.0,200,1
-361115013#2,3.032,0.143,0.184,1.0,23,1
-361113042#3,2.738,0.034,0.038,0.0,53,1
-106622538#2,2.121,0.027,0.027,0.0,173,1
-107537280#3,2.132,0.053,0.048,0.0,88,1
83737073#0,2.585,0.110,0.104,3.0,53,1
-306603955#1,2.813,0.099,0.100,2.0,72,1
83715146#0,2.627,0.047,0.047,2.0,81,1
-361115013#1,4.401,0.000,0.000,0.0,6,1
385158746#1,3.674,0.059,0.065,1.0,24,1
-407752597,1.750,0.010,0.010,0.0,277,1
106934744,1.743,0.033,0.034,0.0,86,1
106934775,2.763,0.036,0.037,0.0,49,1
83737073#1,2.317,0.154,0.166,3.0,43,1
-306603955#0,2.687,0.070,0.077,0.0,54,1
464440159#2,3.775,0.055,0.061,3.0,73,1
-69422025#2,2.790,0.203,0.064,4.0,108,1
-107537258#2,2.727,0.038,0.039,0.0,49,1
106705207#0,4.025,0.016,0.016,1.0,79,1
-385158748#0,3.916,0.059,0.054,1.0,22,1
-83715132#3,3.164,0.122,0.137,3.0,53,1
107545508,1.648,0.123,0.154,0.0,24,1
194998631#0,2.724,0.075,0.090,0.0,24,1
83737073#3,2.246,0.142,0.119,1.0,16,1
83715127#1,2.292,0.114,0.100,0.0,57,1
711187488#4,1.719,0.051,0.053,0.0,114,1
-361113042#2,2.664,0.053,0.059,0.0,36,1
-106618577#1,1.749,0.075,0.069,0.0,76,1
519184101,2.682,0.082,0.075,0.0,22,1
258418129#1,1.778,0.077,0.084,0.0,109,1
-106734534#3,3.307,0.085,0.095,3.0,54,1
258418595#3,2.717,0.098,0.061,0.0,19,1
83715115#1,2.772,0.050,0.049,0.0,108,1
-69422025#1,2.707,0.186,0.063,4.0,120,1
-106864182,4.131,0.053,0.072,0.0,22,1
83715127#2,2.302,0.112,0.100,0.0,58,1
106864179#2,2.961,0.161,0.164,0.0,11,1
106934739#0,4.169,0.000,0.000,0.0,8,1
712927444#1,2.790,0.128,0.136,0.0,14,1
-106734534#2,3.579,0.093,0.069,3.0,46,1
-107537266,4.051,0.118,0.118,0.0,10,1
106734568#0,1.787,0.095,0.098,0.0,29,1
-1205352351#1,2.636,0.056,0.065,0.0,34,1
1010345640#5,2.301,10.215,10.215,0.0,1,0
-391091771#9,3.762,0.101,0.072,1.0,14,1
107545501#0,1.749,0.055,0.052,0.0,53,1
83737071#4,2.015,0.140,0.132,0.0,51,1
-258418175#6,2.743,0.026,0.026,0.0,281,1
106705255#0,1.716,0.035,0.034,0.0,84,1
83737087#5,2.289,0.061,0.058,0.0,105,1
-464578614,2.730,0.041,0.041,0.0,90,1
-69422025#0,3.186,0.130,0.066,1.0,49,1
83619622#0,2.709,0.048,0.042,0.0,38,1
194998630,2.714,0.058,0.054,0.0,32,1
711187488#5,1.753,0.050,0.054,0.0,112,1
106734568#1,1.807,0.110,0.127,0.0,25,1
306600357,2.788,0.050,0.051,0.0,36,1
-106923052#0,2.730,0.073,0.075,0.0,24,1
106934771#0,1.752,0.065,0.033,0.0,174,1
385156781#1,3.098,0.133,0.069,7.0,171,1
636433639#0,3.538,0.065,0.059,1.0,22,1
83715127#4,2.151,0.050,0.054,0.0,92,1
84718335#4,1.985,0.084,0.040,0.0,179,1
770424774,5.496,0.000,0.000,0.0,2,0
106734568#2,1.735,0.101,0.104,0.0,29,1
-258418496#1,4.140,0.054,0.049,0.0,22,1
106619942#2,1.806,0.067,0.063,0.0,41,1
83737087#6,2.203,0.057,0.052,0.0,79,1
636433639#2,3.756,0.053,0.041,1.0,26,1
83619622#1,2.718,0.028,0.025,0.0,67,1
1078669034,2.758,0.005,0.005,0.0,353,1
-74112601,2.638,0.058,0.065,1.0,33,1
385156781#2,3.025,0.061,0.065,4.0,110,1
-83737087#11,1.590,0.065,0.068,0.0,48,1
83715127#5,2.070,0.050,0.052,0.0,96,1
-83737087#3,1.839,0.062,0.063,0.0,43,1
-106620091#2,4.233,0.148,0.148,0.0,8,1
-258418175#5,1.769,0.120,0.103,0.0,93,1
711187488#6,1.736,0.050,0.050,0.0,114,1
435395521#1,3.338,0.020,0.021,0.0,147,1
-106620091#1,2.762,0.077,0.067,0.0,23,1
106934771#2,2.193,0.241,0.254,0.0,19,1
-358288500,2.797,0.051,0.044,0.0,35,1
106735206#0,3.003,0.115,0.108,3.0,46,1
385156781#3,3.159,0.062,0.049,1.0,51,1
258418601#3,2.473,0.105,0.100,1.0,20,1
-258418175#4,2.748,0.041,0.038,0.0,180,1
1205352353#0,2.918,0.065,0.059,2.0,81,1
83715127#6,2.111,0.050,0.046,0.0,95,1
106735206#1,2.944,0.144,0.120,2.0,36,1
106934771#1,1.740,0.107,0.122,0.0,53,1
258418594,2.753,0.038,0.039,0.0,48,1
83619622#3,2.703,0.079,0.066,0.0,24,1
258418597#1,1.723,0.057,0.057,0.0,50,1
-361113169,3.252,0.178,0.209,2.0,17,1
106735206#2,3.563,0.153,0.210,1.0,20,1
-106619942#2,1.780,0.067,0.064,0.0,42,1
1205352353#1,2.626,0.064,0.062,2.0,61,1
361113166#3,2.710,0.129,0.120,0.0,14,1
587605997,2.635,0.114,0.071,0.0,16,1
83619626#0,3.914,0.040,0.037,1.0,32,1
-106734534#4,3.831,0.059,0.052,2.0,45,1
106735206#3,4.092,0.052,0.043,0.0,24,1
83619622#4,2.689,0.076,0.078,0.0,24,1
83715127#7,2.736,0.050,0.041,0.0,37,1
106705255#1,2.858,0.064,0.048,0.0,27,1
106734695,4.188,0.029,0.028,0.0,41,1
-361114340#1,2.720,0.014,0.013,0.0,133,1
-258418599#0,2.837,0.049,0.040,0.0,36,1
-365435614#1,2.701,0.039,0.041,0.0,48,1
-389987796#1,2.742,0.051,0.053,0.0,36,1
106735159#0,2.694,0.128,0.160,0.0,14,1
83715147#2,3.964,0.050,0.060,1.0,25,1
-463462865#0,2.319,0.072,0.062,0.0,91,1
385156772#0,1.522,0.065,0.068,507.0,104,1
83619626#1,3.588,0.087,0.109,1.0,16,1
365435376#0,2.433,0.146,0.154,0.0,43,1
-106619942#1,1.794,0.055,0.052,0.0,50,1
106735159#1,2.615,0.145,0.187,0.0,13,1
83715140#1,3.107,0.113,0.103,1.0,15,1
1361549385#0,3.992,0.150,0.150,0.0,9,1
361114340#0,2.662,0.014,0.014,1.0,137,1
365435376#1,2.353,0.069,0.063,0.0,92,1
83619626#2,3.890,0.039,0.047,1.0,33,1
-711187488#1,2.709,0.105,0.120,0.0,35,1
464460459#3,4.338,0.107,0.097,0.0,11,1
-106927886,2.197,0.065,0.058,0.0,68,1
106735159#2,2.633,0.149,0.124,0.0,12,1
83715140#2,3.363,0.125,0.208,1.0,12,1
-1361549384,4.031,0.033,0.035,0.0,38,1
-711187488#0,2.726,0.133,0.197,0.0,27,1
106934771#3,1.727,0.069,0.066,0.0,42,1
365435376#2,2.690,0.196,0.206,0.0,19,1
107537270#2,1.638,0.085,0.095,0.0,35,1
83715140#3,4.102,0.000,0.000,0.0,3,0
-258418709#0,2.862,0.044,0.044,0.0,40,1
385156772#3,2.596,0.069,0.065,2.0,57,1
365435376#3,2.800,0.187,0.197,0.0,19,1
107537282#5,3.305,0.108,0.143,1.0,15,1
107538680,4.156,0.043,0.046,0.0,27,1
-1361550659,2.662,0.089,0.085,0.0,21,1
106735202#0,2.842,0.142,0.154,0.0,12,1
519184104#0,2.544,0.057,0.049,1.0,35,1
365435377,2.726,0.074,0.092,0.0,24,1
106934771#4,1.707,0.218,0.258,0.0,13,1
-83715147#4,3.710,0.050,0.048,1.0,28,1
-1361550658,4.124,0.031,0.033,0.0,38,1
-107538686#5,2.847,0.084,0.080,0.0,21,1
587605998,3.922,0.000,0.000,0.0,2,0
587605999,4.432,0.403,0.403,0.0,5,0
-107537737,1.760,0.010,0.010,0.0,274,1
365435378#2,3.955,0.086,0.086,1.0,30,1
519184104#1,2.746,0.054,0.047,0.0,34,1
-83715127#2,2.312,0.112,0.096,0.0,57,1
-106618427#6,1.743,0.065,0.059,0.0,44,1
83737087#4,2.731,0.061,0.061,0.0,60,1
107553476#0,2.319,0.176,0.135,1.0,13,1
390876404#11,1.855,0.060,0.058,0.0,44,1
379968387#0,2.881,0.059,0.060,3.0,89,1
-107537262,3.912,0.025,0.025,1.0,51,1
-361119337#2,1.749,0.202,0.144,0.0,14,1
-83715124#0,4.164,0.110,0.110,0.0,10,1
306604280#0,2.012,0.148,0.128,0.0,51,1
106931277#0,2.962,0.063,0.059,2.0,54,1
107537729#0,4.510,0.000,0.000,0.0,1,0
107553484,2.784,0.135,0.104,0.0,13,1
-106735201,1.795,0.037,0.037,0.0,75,1
379968387#3,3.061,0.061,0.056,2.0,54,1
-106618427#5,1.717,0.066,0.060,0.0,44,1
-107537249#4,2.998,0.103,0.094,3.0,66,1
106931277#1,3.112,0.060,0.057,2.0,54,1
-306611255,2.729,0.047,0.048,0.0,39,1
390876404#13,1.796,0.037,0.037,0.0,75,1
-258418175#3,1.724,0.097,0.086,0.0,90,1
-106734699#6,2.891,0.120,0.086,0.0,14,1
-107537249#3,2.419,0.106,0.106,2.0,40,1
106931277#2,2.059,0.334,0.402,2.0,15,1
106621768#11,1.658,0.049,0.048,0.0,61,1
379968387#5,2.620,0.058,0.068,39.0,67,1
107552029#0,3.054,0.055,0.055,2.0,60,1
106621767#0,3.442,0.097,0.118,1.0,15,1
306603560#2,2.110,0.161,0.079,0.0,117,1
-258418129#1,1.710,0.077,0.081,0.0,38,1
32703487#0,2.674,0.059,0.059,1.0,32,1
-107537249#2,2.269,0.115,0.103,1.0,20,1
-681140076#3,1.709,0.106,0.081,0.0,26,1
83737087#7,2.737,0.060,0.058,0.0,31,1
106621767#1,3.945,0.037,0.044,1.0,34,1
107537252#2,2.886,0.105,0.051,3.0,102,1
106618430,1.716,0.051,0.055,0.0,56,1
107552029#1,2.595,0.037,0.036,1.0,52,1
-681140076#2,1.752,0.115,0.092,0.0,25,1
83737087#9,2.661,0.065,0.059,0.0,28,1
-850585849#0,2.824,0.079,0.087,0.0,22,1
-106932685#3,2.707,0.064,0.044,0.0,29,1
464460459#2,3.670,0.112,0.094,1.0,12,1
106621767#2,3.009,0.053,0.059,2.0,63,1
-107537282#1,2.810,0.069,0.058,0.0,26,1
107537252#3,2.886,0.085,0.041,3.0,123,1
-681140076#1,2.093,0.123,0.106,0.0,39,1
258418599#0,2.764,0.049,0.044,0.0,37,1
107552029#2,2.706,0.046,0.046,0.0,40,1
-369011882,1.697,0.036,0.035,0.0,82,1
107537251#1,2.873,0.156,0.142,0.0,22,1
-106622537,1.403,0.733,0.733,1.0,6,1
-681140076#0,2.358,0.067,0.076,0.0,94,1
-258418601#1,3.065,0.108,0.103,4.0,61,1
107537249#9,4.223,0.040,0.040,0.0,30,1
751775952#1,2.537,0.061,0.058,1.0,33,1
-258418601#0,3.002,0.106,0.109,4.0,65,1
361119340,1.741,0.094,0.093,0.0,31,1
-83737073#6,2.285,0.115,0.115,1.0,20,1
-84718335#3,2.348,0.146,0.134,0.0,86,1
258418598#0,2.326,0.052,0.056,0.0,124,1
751775952#2,2.592,0.062,0.058,1.0,32,1
-83737073#5,2.470,0.128,0.116,1.0,17,1
107545509,3.436,0.082,0.091,1.0,18,1
-83737073#3,2.170,0.142,0.084,1.0,17,1
83737093#0,2.563,0.070,0.075,1.0,28,1
-106735202#6,2.768,0.139,0.107,0.0,13,1
-258418601#2,3.049,0.116,0.121,3.0,45,1
-83737073#1,2.944,0.154,0.140,0.0,11,1
106735199#1,4.051,0.051,0.044,1.0,25,1
385156769,2.415,0.066,0.062,1.0,32,1
106735199#2,4.159,0.052,0.068,0.0,23,1
83715124#4,2.710,0.118,0.079,0.0,15,1
106619705#0,2.425,0.060,0.068,1.0,35,1
-83715124#3,3.557,0.116,0.096,2.0,24,1
-107537249#8,4.006,0.052,0.054,1.0,48,1
-83715134#0,2.340,0.050,0.052,0.0,127,1
-107537271#1,2.946,0.152,0.138,1.0,11,1
-83715132#4,2.892,0.116,0.145,2.0,31,1
107537253,2.724,0.060,0.066,0.0,30,1
106618432,1.757,0.052,0.056,0.0,55,1
-107537735#2,2.093,0.056,0.053,0.0,85,1
83718175,3.919,21.797,58.540,0.0,3,0
106734628#0,4.061,0.051,0.042,0.0,24,1
106705254#0,2.140,0.068,0.065,0.0,69,1
83715126,1.759,0.045,0.051,0.0,61,1
-107537735#1,2.102,0.089,0.084,0.0,53,1
106705254#1,2.125,0.034,0.033,0.0,136,1
-107537735#0,1.722,0.069,0.077,0.0,42,1
106609647#3,1.750,0.068,0.068,0.0,40,1
107545503#1,2.995,0.055,0.055,2.0,61,1
-587605997,2.341,0.114,0.098,1.0,19,1
106931287#0,1.805,0.059,0.052,0.0,45,1
-711187488#6,1.748,0.050,0.053,0.0,57,1
-320534853#0,1.731,0.047,0.047,0.0,122,1
365435376#4,2.737,0.053,0.053,0.0,34,1
83715147#0,2.758,0.047,0.043,0.0,76,1
-194998625#1,1.896,0.138,0.162,0.0,17,1
-194998625#0,1.741,0.132,0.160,0.0,21,1
365435376#5,2.687,0.208,0.208,0.0,9,1
83715125#6,2.815,0.071,0.085,0.0,25,1
365435376#6,2.803,0.048,0.048,0.0,8,1
106927905#1,3.898,0.054,0.045,1.0,24,1
-258418175#2,1.721,0.089,0.082,0.0,65,1
-314619549#4,1.726,0.051,0.054,0.0,56,1
-648676594#2,2.793,0.043,0.042,0.0,41,1
-106934762#1,2.252,0.075,0.090,0.0,58,1
106705213#0,3.467,0.057,0.046,1.0,25,1
-314619549#2,2.837,0.081,0.073,0.0,22,1
-106735203#4,2.749,0.120,0.160,0.0,30,1
-369012895#8,1.932,0.143,0.179,0.0,16,1
711187485,2.777,0.055,0.051,0.0,33,1
-369012895#7,1.740,0.149,0.156,0.0,19,1
107537282#1,2.513,0.069,0.072,1.0,29,1
1010345628#0,2.899,0.142,0.236,1.0,12,1
-369012895#6,1.685,0.194,0.129,0.0,15,1
1010345628#1,4.271,0.189,0.189,0.0,6,1
-369012895#4,1.740,0.142,0.142,0.0,20,1
1010345628#2,4.236,0.108,0.099,0.0,11,1
107537282#2,2.530,0.040,0.041,1.0,49,1
106864179#5,2.174,0.126,0.116,1.0,19,1
1010345632,2.377,0.115,0.098,0.0,55,1
-369012895#3,1.750,0.140,0.133,0.0,21,1
258418180#1,3.575,0.197,0.249,0.0,28,1
106864179#6,2.689,0.120,0.075,0.0,16,1
761315157,2.393,0.115,0.129,0.0,71,1
-369012895#2,1.789,0.141,0.141,0.0,20,1
258418179,2.319,0.115,0.123,0.0,56,1
-369012895#1,1.896,0.149,0.165,0.0,18,1
258418177,3.454,0.186,0.234,0.0,23,1
-369012895#0,1.720,0.071,0.069,0.0,41,1
-107545503#1,2.740,0.055,0.061,3.0,99,1
107537281#0,2.738,0.074,0.061,0.0,24,1
107537281#1,2.748,0.111,0.139,0.0,16,1
107537736,4.194,0.050,0.042,0.0,24,1
1160114827#2,4.302,0.151,0.151,0.0,8,1
-107552036#0,1.743,0.030,0.029,0.0,189,1
106923040#1,2.729,0.041,0.046,0.0,44,1
-106923040#1,2.773,0.041,0.047,0.0,44,1
-106621540#1,1.744,0.036,0.037,0.0,78,1
-1205642267,2.292,0.136,0.160,1.0,17,1
55465884#0,1.513,0.118,0.122,66.0,29,1
106621531#1,1.762,0.035,0.036,0.0,82,1
106734701#3,2.301,0.119,0.108,0.0,11,1
-83715127#4,2.147,0.050,0.053,0.0,182,1
106621538#0,0.000,0.000,0.000,0.0,1,0
107553478,3.894,0.048,0.044,7.0,55,1
83715146#2,2.618,0.051,0.053,1.0,38,1
106734701#2,2.820,0.000,0.000,0.0,5,0
-1361549378#2,1.769,0.149,0.196,0.0,17,1
83715146#4,2.533,0.054,0.058,1.0,37,1
-370247665#2,2.533,0.047,0.052,1.0,42,1
106734628#3,4.232,0.042,0.030,0.0,28,1
1361549379#2,2.077,0.100,0.108,0.0,48,1
83619616#0,3.549,0.058,0.049,1.0,24,1
107537735#0,2.791,0.069,0.080,0.0,26,1
83619616#1,3.980,0.108,0.108,0.0,9,1
-389987764#1,2.760,0.020,0.020,0.0,181,1
369012895#0,2.018,0.071,0.067,0.0,105,1
1361549379#3,2.081,0.337,0.481,0.0,14,1
-83619584#2,2.867,0.086,0.082,0.0,21,1
370248374#2,1.551,0.747,1.442,0.0,7,1
-83619584#1,2.704,0.077,0.101,0.0,23,1
370248374#3,1.026,2.775,3.230,0.0,3,0
-464613766,1.736,0.133,0.121,0.0,22,1
369012895#1,1.951,0.149,0.144,0.0,51,1
1206199960,2.678,0.357,0.649,0.0,11,1
-83619626#1,3.617,0.087,0.109,1.0,16,1
-1369906859,2.812,0.223,0.279,0.0,16,1
369012895#2,2.105,0.141,0.137,0.0,50,1
106816334#0,2.156,0.025,0.024,0.0,186,1
258418472#0,2.805,0.079,0.069,0.0,23,1
-83619626#0,4.195,0.040,0.041,0.0,29,1
-106864635#3,2.685,0.053,0.061,0.0,35,1
-106734572#2,1.789,0.101,0.099,0.0,54,1
369012895#3,2.080,0.140,0.137,0.0,51,1
258418472#1,2.777,0.006,0.006,0.0,314,1
-435396620,4.160,0.021,0.021,0.0,58,1
369012895#4,2.166,0.142,0.176,0.0,32,1
316423887,2.800,0.037,0.036,0.0,49,1
369012895#6,2.192,0.194,0.168,0.0,23,1
369012895#7,1.856,0.149,0.114,0.0,18,1
107538686#2,3.649,0.051,0.039,2.0,54,1
-84718335#4,2.690,0.042,0.048,0.0,44,1
316423888,1.736,0.130,0.118,0.0,22,1
107538686#3,3.488,0.100,0.069,2.0,29,1
106734574#4,2.546,0.045,0.043,1.0,44,1
107538686#4,3.433,0.101,0.105,2.0,29,1
-519184098#0,1.762,0.040,0.041,0.0,68,1
-106705254#0,2.705,0.068,0.075,0.0,27,1
106734574#5,2.709,0.038,0.039,1.0,49,1
-106621538#1,4.309,0.000,0.000,0.0,1,0
435387536,1.786,0.032,0.035,0.0,84,1
681140075#2,3.288,0.136,0.124,1.0,11,1
435387534#0,2.302,0.148,0.111,1.0,15,1
464436713,1.694,0.046,0.047,0.0,64,1
-83715135#0,1.697,0.051,0.055,0.0,56,1
-712906086#0,2.758,0.004,0.004,0.0,435,1
435383369#1,2.334,0.129,0.133,1.0,17,1
-361113166#2,3.156,0.145,0.241,1.0,12,1
435383369#2,2.645,0.116,0.136,0.0,17,1
-106620519#4,2.115,0.458,0.458,1.0,7,1
-106620519#3,3.545,0.193,0.193,1.0,8,1
-435387534#1,3.836,0.062,0.059,1.0,21,1
435383367,1.717,0.030,0.028,0.0,97,1
-106923052#11,1.707,0.048,0.051,0.0,61,1
-106620519#2,1.659,0.503,0.503,1.0,5,0
83715139#0,1.775,0.050,0.055,0.0,55,1
-106620519#1,2.861,0.225,0.225,1.0,8,1
-106620519#0,2.902,0.164,0.143,1.0,12,1
106735159#6,1.810,0.119,0.142,0.0,42,1
-106735199#2,2.637,0.052,0.057,2.0,73,1
83715139#1,1.750,0.051,0.054,0.0,56,1
314619549#6,1.847,0.137,0.152,0.0,18,1
314619549#7,1.711,0.375,0.375,0.0,8,1
-106735199#1,2.528,0.051,0.052,2.0,78,1
-106923052#8,1.736,0.052,0.057,0.0,55,1
369010054#0,3.665,0.068,0.068,1.0,20,1
83715139#2,1.729,0.050,0.051,0.0,58,1
-106735199#0,2.539,0.067,0.067,1.0,30,1
-83737106#4,2.115,0.027,0.026,0.0,176,1
314619549#11,1.792,0.052,0.055,0.0,54,1
365435378#1,3.689,0.103,0.158,1.0,13,1
519184098#4,2.761,0.139,0.107,0.0,13,1
-106923052#7,1.776,0.048,0.050,0.0,58,1
1205561604,1.566,0.224,0.224,16.0,30,1
519184106#0,2.577,0.056,0.060,1.0,35,1
519184106#1,2.782,0.052,0.045,1.0,35,1
385156777#0,3.769,0.060,0.054,1.0,22,1
-83715120#1,2.562,0.050,0.048,1.0,39,1
-107537270#1,1.799,0.129,0.123,0.0,21,1
-107552048#1,1.624,0.186,0.123,0.0,17,1
-107537270#0,1.706,0.087,0.093,0.0,34,1
-107552048#0,1.799,0.075,0.063,0.0,36,1
-83715120#0,2.626,0.048,0.048,1.0,40,1
106618194,3.297,0.028,0.031,0.0,108,1
-320534853#1,1.819,0.051,0.051,0.0,54,1
306604143,3.201,0.046,0.045,0.0,67,1
-106621768#2,1.766,0.048,0.049,0.0,59,1
107553469#0,2.132,0.207,0.129,0.0,22,1
83715132#5,3.173,0.121,0.186,2.0,26,1
-83715127#5,2.318,0.050,0.055,0.0,128,1
107538686#5,3.739,0.084,0.052,1.0,16,1
385156780#0,3.599,0.056,0.056,1.0,25,1
106618577#1,2.741,0.070,0.054,0.0,26,1
107553457,3.771,0.047,0.050,1.0,28,1
106622166,2.607,0.094,0.104,0.0,20,1
106621544,2.783,0.030,0.031,0.0,59,1
-106622167#1,1.701,0.133,0.121,0.0,22,1
390913775,2.555,0.050,0.051,1.0,39,1
-106927888,3.994,0.025,0.026,1.0,49,1
681140076#1,1.801,0.123,0.107,0.0,23,1
17735530#0,1.691,0.069,0.067,0.0,41,1
681140076#2,1.745,0.109,0.096,0.0,26,1
681140076#3,1.669,0.105,0.113,0.0,28,1
-107553469#3,2.188,0.345,0.353,0.0,12,1
-107553469#2,1.958,0.049,0.049,0.0,157,1
681140076#4,1.736,0.151,0.159,0.0,19,1
-830986871,3.790,0.027,0.029,1.0,48,1
1078320773,2.689,0.052,0.058,0.0,36,1
1160112130,2.743,0.144,0.171,0.0,13,1
1205960028#2,2.820,0.125,0.089,10.0,14,1
-106621533,1.740,0.045,0.045,0.0,61,1
-83737073#0,2.173,0.110,0.140,1.0,21,1
1010345630#0,2.923,0.000,0.000,0.0,1,0
107537735#1,1.752,0.089,0.089,0.0,30,1
-83715127#3,2.175,0.051,0.053,0.0,90,1
107537735#2,1.722,0.056,0.060,0.0,52,1
69422025#2,3.663,0.068,0.068,1.0,20,1
69422025#3,3.734,0.059,0.076,1.0,23,1
-83715127#1,2.045,0.114,0.104,0.0,42,1
-83715127#0,2.123,0.055,0.057,0.0,86,1
107537735#3,1.610,0.000,0.000,0.0,3,0
107537275#3,2.717,0.158,0.132,0.0,12,1
1010345635,1.907,0.245,0.097,10.0,65,1
519184099#4,4.217,0.027,0.030,0.0,89,1
-1271872066#2,3.405,0.114,0.163,1.0,14,1
-306603678,4.223,0.020,0.021,0.0,58,1
-106927887#0,2.588,0.055,0.063,1.0,35,1
-1271872066#1,4.169,0.130,0.130,0.0,9,1
-107537251#2,2.653,0.111,0.131,0.0,17,1
106934771#6,1.747,0.105,0.096,0.0,27,1
-385156780#2,2.932,0.238,0.238,1.0,7,1
-385156780#1,3.710,0.062,0.056,1.0,22,1
107552039#1,2.774,0.057,0.055,0.0,31,1
-107537249#7,4.042,0.052,0.065,1.0,24,1
-106735198#1,3.845,0.027,0.028,1.0,48,1
-107537249#6,3.860,0.050,0.058,1.0,26,1
-107537249#5,3.883,0.038,0.042,1.0,34,1
-258418698#2,3.767,0.055,0.069,1.0,24,1
106735202#5,2.846,0.120,0.172,0.0,14,1
106735202#6,2.720,0.139,0.198,0.0,13,1
1361549379#1,2.604,0.113,0.103,0.0,17,1
-107545509,3.867,0.082,0.053,1.0,16,1
106618426,2.736,0.053,0.047,0.0,34,1
-1205960028#0,4.117,0.096,0.080,0.0,12,1
-306611173#1,4.207,0.087,0.118,0.0,14,1
-369011878#1,4.055,0.116,0.106,0.0,11,1
-83715127#7,1.689,0.050,0.048,0.0,56,1
106618431#4,3.092,0.136,0.227,1.0,12,1
-107552038#1,2.043,0.244,0.222,1.0,11,1
106618431#5,3.241,0.121,0.093,1.0,13,1
-107552038#0,2.332,0.129,0.151,1.0,17,1
106618431#6,3.360,0.115,0.089,1.0,13,1
83737071#3,2.183,0.061,0.057,0.0,75,1
106618431#7,4.137,0.035,0.041,0.0,34,1
-83715127#6,1.778,0.050,0.051,0.0,57,1
306604006#7,4.293,0.084,0.117,0.0,13,1
-107553469#6,2.687,0.053,0.045,0.0,35,1
-106734576,2.750,0.033,0.030,0.0,55,1
751775951#3,1.818,0.056,0.058,0.0,49,1
-107553469#4,2.617,0.000,0.000,0.0,4,0
390899290#0,1.690,0.057,0.055,0.0,52,1
1205352351#0,2.718,0.056,0.067,0.0,33,1
-320533881#1,1.818,0.183,0.141,0.0,13,1
106734628#1,2.265,0.124,0.090,1.0,18,1
106734628#2,2.426,0.117,0.111,1.0,18,1
-83715147#3,3.600,0.049,0.053,1.0,28,1
711187488#2,1.696,0.094,0.089,0.0,31,1
-320533882,1.699,0.129,0.117,0.0,22,1
711187488#3,1.753,0.148,0.155,0.0,19,1
-389989194#0,2.647,0.025,0.024,1.0,75,1
306603560#3,1.683,0.109,0.081,0.0,27,1
-107537275#2,3.229,0.092,0.095,1.0,17,1
258418709#0,1.736,0.044,0.041,0.0,64,1
-107537275#1,4.208,0.027,0.025,0.0,43,1
-107545513#0,3.794,0.044,0.044,1.0,30,1
106734534#1,2.376,0.133,0.156,1.0,17,1
-107545522#0,2.732,0.116,0.145,0.0,16,1
106734534#2,2.377,0.093,0.116,1.0,23,1
-83715133,1.752,0.052,0.048,0.0,55,1
106734534#3,2.492,0.085,0.098,1.0,24,1
-83715132#0,2.631,0.206,0.206,0.0,9,1
106923050#1,2.621,0.058,0.055,1.0,33,1
106923050#2,2.631,0.060,0.056,1.0,32,1
107552039#0,2.618,0.049,0.051,1.0,39,1
-107552036#1,1.756,0.047,0.045,0.0,58,1
-106934771#6,1.751,0.105,0.092,0.0,27,1
316423635,1.648,0.083,0.093,0.0,36,1
106620214#3,4.237,0.048,0.060,0.0,24,1
1205969618#0,2.635,0.075,0.058,1.0,26,1
83737109,1.782,0.061,0.059,0.0,44,1
1205969618#1,2.629,0.054,0.047,1.0,35,1
464609492#2,2.022,0.193,0.191,0.0,25,1
106621771#1,3.989,0.037,0.032,1.0,34,1
106621771#2,4.299,0.141,0.141,0.0,8,1
505633108,2.750,0.050,0.040,0.0,37,1
258418101#4,2.564,0.044,0.048,1.0,45,1
106734535#2,3.788,0.039,0.037,1.0,34,1
369012903,4.208,0.097,0.081,0.0,12,1
320534854,2.692,0.120,0.148,0.0,15,1
106621534#1,2.712,0.147,0.242,0.0,12,1
-106929061#1,1.790,0.058,0.060,0.0,48,1
106932685#3,1.716,0.065,0.070,0.0,43,1
-106621532,2.389,0.089,0.074,1.0,24,1
-106929061#0,1.786,0.066,0.077,0.0,42,1
1010345630#3,4.694,0.000,0.000,0.0,1,0
809337646#0,2.728,0.016,0.016,0.0,116,1
108831366,2.126,0.000,0.000,0.0,5,0
-83737106#7,1.731,0.014,0.014,0.0,202,1
-464436714#2,2.672,0.059,0.055,0.0,32,1
-519184106#1,4.313,0.052,0.047,0.0,22,1
-106735202#5,1.839,0.120,0.128,0.0,23,1
-464436714#1,2.791,0.077,0.099,0.0,23,1
-519184105,2.685,0.116,0.106,0.0,16,1
107537273#1,2.581,0.054,0.055,1.0,37,1
-519184104#0,4.181,0.057,0.054,0.0,21,1
-464436714#0,2.740,0.037,0.037,0.0,50,1
-107553461,2.745,0.048,0.050,0.0,38,1
107552045#4,2.799,0.218,0.218,1.0,8,1
107537273#2,2.808,0.052,0.045,0.0,34,1
-681140075#1,3.120,0.147,0.134,1.0,11,1
369012906,4.109,0.031,0.031,0.0,40,1
106620091#1,2.737,0.083,0.101,0.0,21,1
-681140075#0,3.996,0.085,0.057,0.0,15,1
106620091#2,3.067,0.152,0.138,1.0,11,1
-106864633#2,2.757,0.002,0.002,0.0,186,1
-306620331#0,1.714,0.116,0.119,0.0,25,1
194998631#1,2.229,0.132,0.156,1.0,17,1
361115015#2,2.683,0.063,0.063,0.0,30,1
106734697#2,3.601,0.066,0.063,1.0,21,1
194998631#2,2.368,0.151,0.155,1.0,15,1
194998631#3,2.418,0.140,0.167,1.0,15,1
361113042#3,2.721,0.036,0.035,0.0,51,1
106733613#1,3.787,0.066,0.066,1.0,20,1
83715146#1,2.711,0.050,0.044,1.0,37,1
258418495,4.103,0.057,0.076,0.0,15,1
106734635,2.682,0.052,0.069,0.0,11,1
314619550#0,3.959,0.101,0.101,0.0,6,1
